置入一个血管支架	00.4500	置入一根血管的支架
CRT-P植入术	00.5001	心脏再同步起搏器置入术
心脏CRT植入术	00.5001	心脏再同步起搏器置入术
经皮椎动脉球囊扩张成形术	00.6102	经皮椎动脉球囊扩张成形术
右侧颈内动脉支架置入术	00.6300	颈动脉支架经皮置入术
左椎动脉支架置入术	00.6400x009	经皮椎动脉支架置入术
左侧椎动脉支架植入术。	00.6400x009	经皮椎动脉支架置入术
大脑中动脉支架植入术	00.6501	大脑中动脉支架经皮置入术
经皮冠状动脉血管成型术	00.6600	经皮冠状动脉腔内血管成形术[PTCA]
左前降支PTCA成形术	00.6600	经皮冠状动脉腔内血管成形术[PTCA]
经皮冠状动脉腔内成形术	00.6600	经皮冠状动脉腔内血管成形术[PTCA]
冠状动脉气囊扩张术	00.6600x004	经皮冠状动脉球囊扩张成形术
经颈静脉穿刺肝静脉测压术(89.6201.01)	00.6900x003	腹内血管血管内压力测量
经颈静脉穿刺肝静脉测压	00.6900x003	腹内血管血管内压力测量
立体定向颅内囊性肿瘤穿刺引流术	01.0901	颅内穿刺引流术
颅内压监测探头植入术	01.1000x001	颅压监护探极置入术
有创颅内压监测置入术	01.1000x001	颅压监护探极置入术
右侧侧脑室前角颅内压探头置入术	01.1000x001	颅压监护探极置入术
颅骨钻孔冲洗引流术	01.2409	颅骨钻孔引流术
左额颞去骨瓣减压术	01.2413	颅骨去骨瓣减压术
左颞骨次全切除术	01.2502	颞骨部分切除术
左侧茎突截短术	01.2507	茎突截短术
左额钻孔脑膜切开伴硬脑膜下腔血肿清除术	01.3104	脑膜切开伴硬脑膜下腔血肿清除术
慢性硬脑膜下血肿钻孔术	01.3108	硬脑膜下钻孔引流术
双侧额颞顶亚急性硬膜下血肿钻孔引流术	01.3108	硬脑膜下钻孔引流术
硬膜下血肿钻孔冲洗术	01.3108	硬脑膜下钻孔引流术
左侧额顶枕部慢性硬膜下血肿钻孔引流术	01.3108	硬脑膜下钻孔引流术
左侧额颞部硬膜下血肿钻孔引流术	01.3108	硬脑膜下钻孔引流术
左侧额颞顶亚急性硬膜下血肿钻孔引流术	01.3108	硬脑膜下钻孔引流术
左侧慢性硬膜下血肿钻孔冲洗引流术	01.3108	硬脑膜下钻孔引流术
左慢性硬膜下血肿钻孔引流术	01.3108	硬脑膜下钻孔引流术
双侧侧脑室穿刺引流术	01.3901	脑室钻孔引流术
双侧脑室钻孔外引流	01.3901	脑室钻孔引流术
右额钻孔脑室钻孔引流术	01.3901	脑室钻孔引流术
左侧脑室钻孔引流术	01.3901	脑室钻孔引流术
右额开颅镰旁脑膜瘤切除术	01.5100x006	大脑镰脑膜病损切除术
左额开颅镰旁脑膜瘤切除术	01.5100x006	大脑镰脑膜病损切除术
右侧枕下乙状窦后入路脑膜瘤切除术	01.5103	经枕脑膜病损切除术
左侧顶枕开颅脑膜瘤切除术	01.5103	经枕脑膜病损切除术
经额脑膜瘤切除术	01.5104	经额脑膜病损切除术
经额下入路嗅沟脑膜瘤切除术	01.5104	经额脑膜病损切除术
右侧额颞部脑膜瘤切除术	01.5104	经额脑膜病损切除术
左额顶部脑膜瘤切除术	01.5104	经额脑膜病损切除术
左额顶入路脑膜瘤切除术	01.5104	经额脑膜病损切除术
左额颞蛛网膜囊肿剥离开窗术	01.5105	脑蛛网膜病损切除术
左颞顶蛛网膜囊肿剥离开窗术	01.5105	脑蛛网膜病损切除术
大脑开颅蝶骨嵴脑膜瘤切除术	01.5106	脑膜病损切除术
大脑开颅左侧蝶骨嵴脑膜瘤切除术	01.5106	脑膜病损切除术
蝶骨嵴脑膜瘤切除术	01.5106	脑膜病损切除术
前颅底脑膜瘤切除术	01.5106	脑膜病损切除术
右侧翼点入路前床突脑膜瘤切除术	01.5106	脑膜病损切除术
右顶叶窦旁脑膜瘤切除术	01.5106	脑膜病损切除术
右颞脑膜瘤切除术	01.5106	脑膜病损切除术
右翼点开颅脑膜瘤切除术	01.5106	脑膜病损切除术
左桥小脑角脑膜瘤切除术	01.5106	脑膜病损切除术
[神经内镜下经鼻蝶入路鞍区占位切除术]	01.5900	大脑病损或组织的其他切除术或破坏术
经鼻蝶鞍区占位病变切除术	01.5900	大脑病损或组织的其他切除术或破坏术
经鼻-蝶窦入路鞍区占位病变切除术	01.5900	大脑病损或组织的其他切除术或破坏术
经蝶入路鞍区占位切除术	01.5900	大脑病损或组织的其他切除术或破坏术
内镜下经蝶窦鞍区病损切除术	01.5900	大脑病损或组织的其他切除术或破坏术
右侧小脑占位性病变切除术	01.5900x043	小脑病损切除术
右侧桥小脑角占位切除术	01.5900x046	桥脑小脑角病损切除术
枕下乙状窦后入路右侧桥小脑区占位病变切除术	01.5900x046	桥脑小脑角病损切除术
左侧桥小脑角占位切除术	01.5900x046	桥脑小脑角病损切除术
幕上开颅占位性病变切除术	01.5901	脑病损切除术
鞍区颅咽管瘤切除术	01.5902	鞍区病损切除术
额叶占位切除术	01.5909	额叶病损切除术
神经导航下右额叶占位切除术	01.5909	额叶病损切除术
神经导航下左侧额叶病变显微切除术。	01.5909	额叶病损切除术
右额叶病损切除术(神经导航+电生理)	01.5909	额叶病损切除术
左侧额叶占位性病变切除术	01.5909	额叶病损切除术
经额脑病损切除术	01.5911	经额脑病损切除术
导航下右颞占位切除术	01.5913	颞叶病损切除术
右侧颞叶占位切除术	01.5913	颞叶病损切除术
左额骨肿物切除术	01.6x00	颅骨病损的切除术
右顶颅骨凹陷性骨折整复术	02.0203	颅骨骨折复位术
右侧颅骨钛钢片修补术。	02.0500	颅骨(金属)板置入术
左侧额颞顶原切口入路开颅颅骨钛网成形术	02.0503	颅骨钛网置入术
右侧颞部颅骨缺损修补术	02.0600x003	颅骨修补术
右额颞颅骨修补术	02.0600x003	颅骨修补术
左侧额颞部颅骨修补术	02.0600x003	颅骨修补术
左侧额颞顶部颅骨缺损修补术	02.0600x003	颅骨修补术
左额颞部颅骨缺损修补术	02.0600x003	颅骨修补术
左颞顶颅骨缺损修补术	02.0600x003	颅骨修补术
左颞颅骨缺损修补术	02.0600x003	颅骨修补术
脑脊液切口瘘修补术	02.1206	脑脊液切口漏修补术
神经内镜辅助下三脑室底造瘘术	02.2200x001	神经内镜下第三脑室底造瘘术
左侧脑室OMYA囊置入术。	02.2204	脑室Ommaya泵置入术
脑室心房分流术	02.3201	脑室心房分流术
脑室—腹腔分流术	02.3400x002	脑室-腹腔分流术
脑室腹腔分流术。	02.3400x002	脑室-腹腔分流术
神经导航下脑室腹腔分流术	02.3400x002	脑室-腹腔分流术
左侧脑室－腹腔分流术	02.3401	侧脑室腹腔内分流术
左侧脑室-腹腔分流术（蛇牌可调压分流管）	02.3401	侧脑室腹腔内分流术
右侧脑室-腹腔分流术（蛇牌可调压分流管）	02.3401	侧脑室腹腔内分流术
脑室分流管修正术	02.4202	脑室分流管修正术
脑室腹腔分流管调管术	02.4203	脑室腹腔分流管调整术
颅内电极埋藏术	02.9303	脑深部电极置入术
双侧脑深部电刺激置入术	02.9303	脑深部电极置入术
颅内肿瘤超选介入化疗	02.9900	颅、脑和脑膜的其他手术
T11椎管内占位切除术	03.0100x002	椎管内病损切除术
胸12-腰1椎管内占位切除术	03.0100x002	椎管内病损切除术
胸椎椎板切除减压术	03.0900x007	胸椎椎板切除减压术
腰椎管探查术	03.0901	椎管探查术
显微镜下硬脊膜下肿物切除术	03.4x06	硬脊膜下病损切除术
胸12椎体爆裂性骨折切开复位内固定术	03.5304	胸椎骨折切开复位内固定术
腰3椎体骨折切开复位内固定术	03.5305	腰椎骨折切开复位内固定术
腰1椎体爆裂骨折切开复位内固定术	03.5305	腰椎骨折切开复位内固定术
腰椎骨折切开复位内固定	03.5305	腰椎骨折切开复位内固定术
DSA引导下双侧L3－5脊髓和神经根粘连松解术	03.6x00	脊髓和神经根粘连的松解术
DSA引导下右侧L3-5脊髓和神经根粘连松解术（手术代码;03.6002)	03.6x00	脊髓和神经根粘连的松解术
DSA引导下左侧L4-5脊神经根粘连松解术（手术代码;03.6002)	03.6x00	脊髓和神经根粘连的松解术
DSA引导下左侧T4－6脊髓和神经根粘连松解术（手术代码;03.6002)	03.6x00	脊髓和神经根粘连的松解术
DSA引导下左侧C5－7小关节阻滞术	03.9102	脊神经根阻滞术
DSA引导下左侧C3－5小关节阻滞术	03.9102	脊神经根阻滞术
后颅窝开颅左侧听神经瘤切除术	04.0100	听神经瘤切除术
右侧乙状窦后入路听神经瘤显微切除术	04.0101	经乙状窦后入路听神经瘤切除术
左侧枕下乙状窦后入路听神经瘤切除术	04.0101	经乙状窦后入路听神经瘤切除术
阴茎背神经阻断术	04.0304	周围神经切断术
面神经探查术	04.0404	面神经探查术
肋间神经射频消融术	04.2x11	肋间神经射频消融术
右侧面神经微血管减压术	04.4204	面神经微血管减压术
左侧乙状窦后入路面神经微血管减压术	04.4204	面神经微血管减压术
左面神经微血管减压术	04.4204	面神经微血管减压术
内镜辅助左侧面神经微血管减压术	04.4205	内镜下面神经微血管减压术
双侧腕管松解术	04.4300	腕管松解术
右侧臂丛神经松解术	04.4901	臂丛神经松解术
双正中神经松解术。	04.4907	正中神经松解术
右腕管切开、正中神经松解术	04.4907	正中神经松解术
左侧腕管正中神经松解术	04.4907	正中神经松解术
左侧正中神经松解术	04.4907	正中神经松解术
尺神经松解术	04.4908	尺神经松解术
右尺神经松解术	04.4908	尺神经松解术
DSA下右T2-4肋间神经阻滞术	04.8104	肋间神经阻滞术
双侧交感神经链切断术	05.0x00x001	交感神经切断术
腔镜下交感神经切断术(双侧)	05.0x01	胸腔镜下交感神经切断术
腔镜下双侧胸交感神经切断术	05.0x01	胸腔镜下交感神经切断术
胸腔镜下双侧T3交感神经干切断术	05.0x01	胸腔镜下交感神经切断术
胸腔镜下双侧胸3交感神经切断术	05.0x01	胸腔镜下交感神经切断术
胸腔镜下双侧胸4交感神经干切断术	05.0x01	胸腔镜下交感神经切断术
胸腔镜辅助下胸交感神经切除术	05.2900	其他交感神经切除术和神经节切除术
交感神经注射破坏剂	05.3200x001	交感神经注射破坏剂
左颈部深部肿物探查术	06.0900x004	颈部探查术
右侧甲状腺活检术	06.1200	开放性甲状腺活组织检查
右侧甲状腺叶切除术	06.2x00	单侧甲状腺叶切除术
单侧甲状腺切除术	06.2x00	单侧甲状腺叶切除术
甲状腺右侧腺叶切除术	06.2x00	单侧甲状腺叶切除术
右叶甲状腺全切术	06.2x00	单侧甲状腺叶切除术
甲状腺左叶腺叶切除术	06.2x00	单侧甲状腺叶切除术
左侧甲状腺腺叶切除术+术中冰冻	06.2x00	单侧甲状腺叶切除术
内镜辅助下左侧甲状腺腺叶切除+术中冰冻	06.2x00	单侧甲状腺叶切除术
腔镜下右侧甲状腺全切术	06.2x01	腔镜下单侧甲状腺切除术
甲状腺左叶及峡部全切除术	06.2x02	单侧甲状腺切除伴甲状腺峡部切除术
左甲状腺腺叶＋峡部切除术	06.2x02	单侧甲状腺切除伴甲状腺峡部切除术
左侧甲状腺腺叶切除术+峡部切除术	06.2x02	单侧甲状腺切除伴甲状腺峡部切除术
甲状腺左叶及峡部全切术	06.2x02	单侧甲状腺切除伴甲状腺峡部切除术
甲状腺左叶全切+峡部切除	06.2x02	单侧甲状腺切除伴甲状腺峡部切除术
甲状腺左叶切除，右叶次全切除术	06.2x03	单侧甲状腺切除伴他叶部分切除术
甲状腺右叶全切+左叶次全切除术	06.2x03	单侧甲状腺切除伴他叶部分切除术
甲状腺右叶切除术+甲状腺左叶部分切除术	06.2x03	单侧甲状腺切除伴他叶部分切除术
左甲状腺全切+右甲状腺部分切除术	06.2x03	单侧甲状腺切除伴他叶部分切除术
甲状腺右叶切除术+甲状腺左叶次全切除术	06.2x03	单侧甲状腺切除伴他叶部分切除术
甲状腺右叶全切左叶部分切除术	06.2x03	单侧甲状腺切除伴他叶部分切除术
甲状腺左叶+峡部切除术+右叶部分切除术	06.2x04	单侧甲状腺切除伴峡部和其他叶部分切除术
甲状腺右叶+峡部切除术，左甲状腺部分切除术	06.2x04	单侧甲状腺切除伴峡部和其他叶部分切除术
右侧甲状腺叶伴峡部切除术+左侧甲状腺部分切除术	06.2x04	单侧甲状腺切除伴峡部和其他叶部分切除术
甲状腺左叶，峡部切除，右叶大部切除术	06.2x04	单侧甲状腺切除伴峡部和其他叶部分切除术
甲状腺右叶加峡部切除，左叶大部切除术	06.2x04	单侧甲状腺切除伴峡部和其他叶部分切除术
甲状腺右叶+峡部切除术，左甲状腺大部切除术	06.2x04	单侧甲状腺切除伴峡部和其他叶部分切除术
甲状腺右叶+峡部切除术+甲状腺左叶部分切除术	06.2x04	单侧甲状腺切除伴峡部和其他叶部分切除术
左甲状腺腺叶+峡部切除，右甲状腺部分切除术	06.2x04	单侧甲状腺切除伴峡部和其他叶部分切除术
右甲状腺叶加峡部切除术，左甲状腺大部切除术，术中冰冻	06.2x04	单侧甲状腺切除伴峡部和其他叶部分切除术
左侧甲状腺包块切除术。	06.3100	甲状腺病损切除术
双叶甲状腺肿物切除术	06.3100	甲状腺病损切除术
双侧甲状腺包块切除+术中冰冻术	06.3100	甲状腺病损切除术
甲状腺包块切除+术中冰冻	06.3100	甲状腺病损切除术
右甲状腺腺瘤切除术	06.3100	甲状腺病损切除术
甲状舌管良性肿瘤切除术	06.3100	甲状腺病损切除术
腔镜下左甲状腺包块切除术。	06.3101	腔镜下甲状腺病损切除术
腔镜下左侧甲状腺包块切除术	06.3101	腔镜下甲状腺病损切除术
内镜下左侧甲状腺次全切除术	06.3900	其他部分甲状腺切除术
甲状腺左叶次全切除+右叶部分切除术	06.3900	其他部分甲状腺切除术
甲状腺右叶大部切除、左叶部分切除术	06.3900	其他部分甲状腺切除术
甲状腺双侧大部切除术	06.3900	其他部分甲状腺切除术
甲状腺右叶次全切除+峡部切除术	06.3900	其他部分甲状腺切除术
甲状腺左叶大部切除术 甲状腺右叶部分切除术	06.3900	其他部分甲状腺切除术
甲状腺右叶大部+峡部切除术	06.3900	其他部分甲状腺切除术
双侧甲状腺大部切除+峡部切除术	06.3900	其他部分甲状腺切除术
甲状腺左叶部分+峡部切除术	06.3900	其他部分甲状腺切除术
经内镜左侧甲状腺部分切除术	06.3900	其他部分甲状腺切除术
单侧甲状腺次全切除术+单侧甲状腺部分切除术	06.3900	其他部分甲状腺切除术
右叶甲状腺次全切除术，左叶甲状腺部分切除术	06.3900	其他部分甲状腺切除术
甲状腺左叶次全切除术，甲状腺右叶部分切除术	06.3900	其他部分甲状腺切除术
甲状腺左叶大部切除术、右叶部分切除术	06.3900	其他部分甲状腺切除术
甲状腺左叶次全切除术，右叶大部切除术	06.3900	其他部分甲状腺切除术
右甲状腺次全切除左甲状腺部分切除术	06.3900	其他部分甲状腺切除术
甲状腺左叶次全切右叶部分切除术	06.3900	其他部分甲状腺切除术
甲状腺左叶大部切除术+右叶部分切除术	06.3900	其他部分甲状腺切除术
甲状腺右叶大部切除+甲状腺左叶部分切除术	06.3900	其他部分甲状腺切除术
甲状腺右叶大部、峡部切除术	06.3900	其他部分甲状腺切除术
左甲状腺近全+峡部切除术	06.3900	其他部分甲状腺切除术
腹腔镜双侧甲状腺次全切除术	06.3900	其他部分甲状腺切除术
左甲状腺部分切除术	06.3900x003	单侧甲状腺部分切除术
右叶甲状腺部分切除术	06.3900x003	单侧甲状腺部分切除术
甲状腺叶部分切除术	06.3900x003	单侧甲状腺部分切除术
甲状腺近全切除术	06.3900x004	单侧甲状腺次全切除术
左甲状腺叶次全切除术	06.3900x004	单侧甲状腺次全切除术
腔镜辅助小切口甲状腺右叶次全切除术	06.3900x011	腔镜下甲状腺次全切除术
腔镜下甲状腺左叶近全切除术	06.3900x011	腔镜下甲状腺次全切除术
腔镜下右甲状腺近全切除术。	06.3900x011	腔镜下甲状腺次全切除术
双侧甲状腺叶部分切除术。	06.3900x012	双侧甲状腺部分切除术
双侧甲状腺部分切除＋峡部切除术	06.3900x012	双侧甲状腺部分切除术
双侧甲状腺次全切除术+峡部切除术	06.3900x013	双侧甲状腺次全切除术
甲状腺双侧叶近全切除术	06.3900x013	双侧甲状腺次全切除术
甲状腺右叶近全、左叶次全+峡部切除术	06.3900x013	双侧甲状腺次全切除术
双叶甲状腺近全切除术	06.3900x013	双侧甲状腺次全切除术
甲状腺双叶次全切除术+峡部切除术	06.3900x013	双侧甲状腺次全切除术
甲状腺峡部切除+双叶次全切除术	06.3900x013	双侧甲状腺次全切除术
双甲次全切除术	06.3900x013	双侧甲状腺次全切除术
甲状腺左叶大部切除术	06.3901	甲状腺大部切除术
左侧甲状腺大部切除术	06.3901	甲状腺大部切除术
甲状腺大部分切除术	06.3901	甲状腺大部切除术
甲状腺左叶大部切除	06.3901	甲状腺大部切除术
甲状腺大部切除术甲状腺大部切除术	06.3901	甲状腺大部切除术
双侧甲状腺切除术	06.4x00	甲状腺全部切除术
单纯甲状腺全切除术(双侧)	06.4x00	甲状腺全部切除术
全甲状腺切除术（双）	06.4x00	甲状腺全部切除术
全麻下甲状腺全切术	06.4x00	甲状腺全部切除术
甲状腺全切	06.4x00	甲状腺全部切除术
甲状腺左右叶及峡部全切除术 改良颈廓清术（右Ⅲ、Ⅵ 左Ⅵ）	06.4x00|40.4200	甲状腺全部切除术|根治性颈淋巴结清扫，双侧
腔镜辅助下甲状腺全切术	06.4x02	腔镜下甲状腺全部切除术
甲状舌管瘘管切除术。	06.7x02	甲状舌管瘘切除术
右甲状旁腺切除术	06.8902	甲状旁腺部分切除术
左甲状旁腺切除	06.8902	甲状旁腺部分切除术
甲状旁腺肿物切除术	06.8903	甲状旁腺病损切除术
右侧甲状旁腺肿物切除术	06.8903	甲状旁腺病损切除术
腔镜下甲状旁腺病损切除术	06.8904	腔镜下甲状旁腺病损切除术
左侧肾上腺肿物切除术	07.2100	肾上腺病损切除术
左侧肾上腺腺瘤切除术	07.2100	肾上腺病损切除术
腹腔镜下肾上腺病损切除术(左侧)	07.2102	腹腔镜肾上腺病损切除术
后腹腔镜下左侧肾上腺肿物切除术	07.2102	腹腔镜肾上腺病损切除术
左侧腹腔镜下肾上腺病损切除术	07.2102	腹腔镜肾上腺病损切除术
后腹腔镜下右侧肾上腺占位切除术	07.2102	腹腔镜肾上腺病损切除术
(腹腔镜左侧)腹腔镜下肾上腺病损切除((07.2102))	07.2102	腹腔镜肾上腺病损切除术
腹腔镜左肾上腺腺瘤切除术	07.2102	腹腔镜肾上腺病损切除术
腹腔镜肾上腺瘤切除术（左）	07.2102	腹腔镜肾上腺病损切除术
腹腔镜下单侧肾上腺切除术（左侧）	07.2201	腹腔镜单侧肾上腺切除术
后腹腔镜下左肾上腺全切术	07.2201	腹腔镜单侧肾上腺切除术
(腹腔镜左侧)腹腔镜下肾上腺部分切除术	07.2902	腹腔镜肾上腺部分切除术
松果体区占位切除术	07.5301	松果体病损切除术
经蝶神经内镜下垂体瘤切除术	07.6200x007	神经内镜下经鼻腔-蝶窦垂体病损切除术
神经内镜下经鼻蝶垂体腺瘤切除术	07.6200x007	神经内镜下经鼻腔-蝶窦垂体病损切除术
神经内镜下垂体瘤切除术	07.6200x007	神经内镜下经鼻腔-蝶窦垂体病损切除术
经单鼻蝶窦垂体腺瘤切除术	07.6201	经蝶骨垂体病损切除术
单鼻孔经蝶垂体瘤切除术	07.6201	经蝶骨垂体病损切除术
导航内镜下经鼻蝶垂体瘤切除术	07.6201	经蝶骨垂体病损切除术
经鼻蝶内镜下垂体瘤切除术	07.6201	经蝶骨垂体病损切除术
鼻窦镜辅助下经单鼻孔经蝶垂体瘤显微切除术	07.6201	经蝶骨垂体病损切除术
导航下内镜经鼻垂体瘤切除术	07.6201	经蝶骨垂体病损切除术
内镜下经鼻蝶窦垂体腺瘤切除术	07.6201	经蝶骨垂体病损切除术
经鼻蝶入路显微镜下垂体瘤切除术	07.6201	经蝶骨垂体病损切除术
经鼻入路垂体瘤切除术	07.6201	经蝶骨垂体病损切除术
经右侧鼻孔蝶窦入路垂体瘤切除术	07.6201	经蝶骨垂体病损切除术
显微镜下经鼻蝶入路垂体瘤切除术	07.6201	经蝶骨垂体病损切除术
经鼻中隔蝶窦垂体瘤切除术	07.6201	经蝶骨垂体病损切除术
胸腔镜胸腺肿物切除术	07.8300x002	胸腔镜下胸腺病损切除术
(胸腔镜右侧)胸腔镜下全胸腺切除术((34.3002))	07.8400	胸腔镜下胸腺全部切除术
右侧单操作孔胸腔镜下胸腺扩大切除术	07.8401	胸腔镜下胸腺扩大切除术
双眼眼睑肿物切除术	08.2000x006	眼睑病损切除术
右下睑肿物切除术	08.2000x006	眼睑病损切除术
左侧眼睑病损切除术	08.2000x006	眼睑病损切除术
右眼睑肿物摘除术	08.2000x006	眼睑病损切除术
右眼下睑肿物切除	08.2000x006	眼睑病损切除术
右眼下睑包块切除术	08.2000x006	眼睑病损切除术
左睑板腺囊肿切除术	08.2100	睑板腺囊肿切除术
右眼提上睑肌额肌吻合术。	08.3200x003	上睑下垂额肌悬吊术
双眼提上睑肌缩短术	08.3300x001	上睑下垂提上睑肌缩短术
双眼上睑皮肤松弛矫正术	08.3600	上睑下垂修补术，用其他方法
左眼睑内翻矫正伴睑重建术	08.4401	睑内翻矫正伴睑重建术
右眼睑外翻矫正术	08.4901	睑外翻矫正术
右眼睑内翻矫正术	08.4902	睑内翻矫正术
双下睑内翻矫正术	08.4902	睑内翻矫正术
倒睫矫正术	08.4902	睑内翻矫正术
左眼口唇粘膜眼睑成形术	08.6900	用皮瓣或移植物的其他眼睑重建术
左眼睑成形术	08.7000	眼睑重建术
右眼眼睑皮肤裂伤缝合术	08.8101	眼睑裂伤缝合术
右眼上睑皮肤裂伤缝合术	08.8101	眼睑裂伤缝合术
眼睑裂伤缝合术	08.8101	眼睑裂伤缝合术
下睑脂肪堆积畸形整复术	08.8600x002	眼袋切除术
双侧下睑袋畸形整复术	08.8600x002	眼袋切除术
右侧重睑成形术	08.8902	重睑术
左人工鼻泪管植入术	09.4404	人工泪管置入术
右眼泪道探通术	09.4900	泪道其他操作
右泪囊摘除术	09.6x01	泪囊切除术
左侧 泪囊鼻腔吻合术	09.8100	泪囊鼻腔吻合术[DCR]
右眼结膜肿物切除术	10.3101	结膜病损切除术
结膜病损切除术	10.3101	结膜病损切除术
左眼结膜脂肪瘤切除术	10.3101	结膜病损切除术
左眼结膜缝合术	10.6x00x001	结膜缝合术
右眼翼状胬肉切除+角膜干细胞移植术	11.3200	胬肉切除术伴角膜移植术
右眼翼状胬肉切除+干细胞移植术	11.3200	胬肉切除术伴角膜移植术
左眼翼状胬肉切除术-干细胞移植	11.3200	胬肉切除术伴角膜移植术
双眼翼状胬肉切除术+干细胞移植术	11.3200	胬肉切除术伴角膜移植术
右眼翼状胬肉切除+带角膜缘干细胞的结膜移植手术	11.3200|11.3901	胬肉切除术伴角膜移植术|翼状胬肉切除伴结膜移植术
左眼翼状胬肉切除伴自体干细胞移植术	11.3201	翼状胬肉切除伴自体干细胞移植术
左眼翼状胬肉切除+羊膜移植术	11.3203	翼状胬肉切除伴羊膜植片移植术
双眼翼状胬肉切除+羊膜移植术	11.3203	翼状胬肉切除伴羊膜植片移植术
右眼翼状胬肉切除+生物羊膜移植术	11.3203	翼状胬肉切除伴羊膜植片移植术
右眼翼状胬肉剔除+自体结膜瓣移植术。	11.3901	翼状胬肉切除伴结膜移植术
右眼翼状胬肉切除术+结膜瓣移植术	11.3901	翼状胬肉切除伴结膜移植术
右眼翼状胬肉切除+自体结膜移植术。	11.3901	翼状胬肉切除伴结膜移植术
右眼胬肉切除+结膜瓣移盖术	11.3901	翼状胬肉切除伴结膜移植术
翼状胬肉切除术+结膜移植术	11.3901	翼状胬肉切除伴结膜移植术
穿透性角膜移植术（左）	11.6400x001	穿透性角膜移植术
左眼羊膜覆盖角膜修补术	11.6400x002	羊膜移植的角膜成形术
双眼角膜缝线拆除术	11.9900x001	角膜缝线拆除术
双眼虹膜激光切除术	12.1402	虹膜激光切除术
虹膜周切术（左）	12.1403	虹膜周边切除术
双眼虹膜激光周切术	12.1404	虹膜周边激光切除术
双眼小梁切开术	12.5400	外路小梁切开术
右眼复合性小梁切除术	12.6400	外路小梁切除术
右眼综合小梁切除术	12.6400	外路小梁切除术
睫状体冷冻术（左）	12.7200	睫状体冷冻疗法
右睫状体光凝术	12.7300	睫状体光凝固法
左眼睫状体光凝	12.7300	睫状体光凝固法
左眼巩膜外加压术	12.8801	巩膜外加压术
巩膜外垫压+冷冻术（左）	12.8801|12.8404	巩膜外加压术|巩膜冷冻术
(左侧)前房穿刺术	12.9101	前房穿刺术
(右侧)前房穿刺术	12.9101	前房穿刺术
左眼前房灌洗术	12.9102	前房冲洗术
白内障超声乳化术OD	13.4100x001	白内障超声乳化抽吸术
右眼人工晶状体植入术	13.7000	置入人工晶状体
右眼人工晶体植入术	13.7000	置入人工晶状体
右眼人工晶状体睫状沟缝合术	13.7000	置入人工晶状体
右眼白内障摘除伴人工晶体一期置入术	13.7100x001	白内障摘除伴人工晶体一期置入术
右侧白内障摘除伴人工晶体一期置入术	13.7100x001	白内障摘除伴人工晶体一期置入术
右眼人工晶体二期置入术	13.7200x001	人工晶体二期置入术
二期人工晶体植入术（左）	13.7200x001	人工晶体二期置入术
右眼非正常晶体摘除术	13.9000	晶状体手术
左眼人工晶体缝合术	13.9000x007	人工晶体缝合术
左眼IOL悬吊术	13.9002	人工晶状体悬吊术
右眼PPV	14.7900	玻璃体其他手术
玻璃体切割术（右）	14.7900	玻璃体其他手术
右眼雷珠单抗玻璃体腔注药术	14.7903	玻璃体药物注射术
左眼玻璃体腔穿刺注药术	14.7903	玻璃体药物注射术
双眼玻璃体腔穿刺注药术	14.7903	玻璃体药物注射术
玻璃体注药术OU	14.7903	玻璃体药物注射术
右眼下斜肌后徙术	15.1100	一条眼外肌的后徙术
外直肌后徙术（左）	15.1100	一条眼外肌的后徙术
左眼外直肌一条眼外肌后徙术	15.1100	一条眼外肌的后徙术
右眼下斜肌断腱术	15.1900x001	一条眼外肌离断术
右眼下睑眼轮匝肌缩短术	15.2200	一条眼外肌的缩短术
双眼内直肌后徙术	15.3x01	两条或两条以上眼外肌的后徙术
双眼一条眼外肌后徙术	15.3x01	两条或两条以上眼外肌的后徙术
双眼内直肌缩短术	15.4x01	两条或两条以上眼外肌缩短术
双眼下斜肌部分切除术	15.9x00x001	眼肌部分切除术
右眼球内磁性异物取出术	16.1x00x001	眼内异物取出术
眼底检查+冷冻术	16.2100x001|16.9900	眼底检查|眼球其他手术
眼内容剜除术（左）	16.3900x001	眼球内容物剜出术
右眼眼内容剜除术	16.3900x001	眼球内容物剜出术
左眼眼球摘除+义眼台植入术。	16.4101	眼球摘除伴义眼台置入术
左眼球内容物去除联合义眼台植入术	16.4101	眼球摘除伴义眼台置入术
右眼球摘除术+义眼台植入术	16.4101	眼球摘除伴义眼台置入术
左眼球摘除+义眼台置入术	16.4101	眼球摘除伴义眼台置入术
左眼眶内容物去除术	16.5900x001	眼眶内容物剜出术
右眼眶内容物去除术	16.5900x001	眼眶内容物剜出术
左眼义眼台取出术。	16.7101	义眼台取出术
左眼球破裂伤探查缝合术	16.8200	眼球破裂修补术
左眼眼球破裂修补术	16.8200	眼球破裂修补术
左眼黄斑裂孔注气术	16.9100x002	眼球内注气术
眼眶肿物切除术	16.9200	眼眶病损切除术
左眼眶包块切除术	16.9200	眼眶病损切除术
右眼眼眶病损切除术	16.9200	眼眶病损切除术
双眼眶内肿物摘除术	16.9300x003	眶内病损切除术
右眶内肿物摘除术	16.9300x003	眶内病损切除术
左眼硅油取出术	16.9900	眼球其他手术
右眼硅油释放术	16.9900	眼球其他手术
右眼部分硅油取出术。	16.9900	眼球其他手术
腹腔镜下左侧腹股沟直疝无张力修补术	17.1100x001	腹腔镜下单侧腹股沟直疝无张力修补术
腹腔镜下右腹股沟斜疝无张力修补术	17.1200x001	腹腔镜下单侧腹股沟斜疝无张力修补术
腹腔镜下左腹股沟斜疝无张力修补术	17.1200x001	腹腔镜下单侧腹股沟斜疝无张力修补术
腹腔镜下单侧腹股沟斜疝补片无张力修补术	17.1200x001	腹腔镜下单侧腹股沟斜疝无张力修补术
腹腔镜腹股沟斜疝无张力修补术	17.1200x001	腹腔镜下单侧腹股沟斜疝无张力修补术
腹腔镜经腹腹膜外腹股沟疝修补术（TAPP）	17.1300x001	腹腔镜下经腹膜前腹股沟疝补片修补术（TAPP）
腹腔镜双侧腹股沟斜疝经腹腔腹膜前修补术（TAPP）	17.1300x001	腹腔镜下经腹膜前腹股沟疝补片修补术（TAPP）
腹腔镜经腹腔右侧腹股沟疝修补术(TAPP)（科惠自粘连补片PP1509G）	17.1300x001	腹腔镜下经腹膜前腹股沟疝补片修补术（TAPP）
腹腔镜下双侧腹股沟疝无张力修补术（TAPP）	17.1300x001	腹腔镜下经腹膜前腹股沟疝补片修补术（TAPP）
腹腔镜腹股沟疝无张力修补术（TAPP)	17.1300x001	腹腔镜下经腹膜前腹股沟疝补片修补术（TAPP）
腹腔镜经腹腔腹膜外双侧腹股沟斜疝充填式无张力修补术（TAPP，巴德轻量3D补片）	17.1300x001	腹腔镜下经腹膜前腹股沟疝补片修补术（TAPP）
腹腔镜下左侧腹股沟疝无张力修补术（TAPP）	17.1300x001	腹腔镜下经腹膜前腹股沟疝补片修补术（TAPP）
腹腔镜下左侧腹股沟斜疝无张力修补术（TEP）	17.1300x002	腹腔镜下全腹膜外腹股沟疝补片修补术（TEP）
腹腔镜下完全腹膜外右斜疝无张力修补术（TEP）	17.1300x002	腹腔镜下全腹膜外腹股沟疝补片修补术（TEP）
右侧腹腔镜下单侧腹股沟疝修补术(TEP)	17.1300x002	腹腔镜下全腹膜外腹股沟疝补片修补术（TEP）
腹腔镜全腹膜外左侧腹股沟斜疝无张力修补术（TEP）（巴德轻量3D补片）	17.1300x002	腹腔镜下全腹膜外腹股沟疝补片修补术（TEP）
右腹腔镜下单侧腹股沟斜疝无张力修补术(TEP)	17.1300x002	腹腔镜下全腹膜外腹股沟疝补片修补术（TEP）
腹腔镜右侧腹股沟斜疝无张力修补术（TEP）	17.1300x002	腹腔镜下全腹膜外腹股沟疝补片修补术（TEP）
腹腔镜右侧腹股沟斜疝无张力修补术TEP	17.1300x002	腹腔镜下全腹膜外腹股沟疝补片修补术（TEP）
腹腔镜下双侧腹股沟疝修补术（TEP）	17.1300x002	腹腔镜下全腹膜外腹股沟疝补片修补术（TEP）
完全腹膜外腹腔镜下右侧腹股沟斜疝无张力修补术TEP	17.1300x002	腹腔镜下全腹膜外腹股沟疝补片修补术（TEP）
右腹腔镜下单侧腹股沟斜疝修补术(TEP)	17.1300x002	腹腔镜下全腹膜外腹股沟疝补片修补术（TEP）
腹腔镜下全腹膜外双侧腹股沟疝修补术	17.1300x002	腹腔镜下全腹膜外腹股沟疝补片修补术（TEP）
腹腔镜全腹膜外疝修补术	17.1300x002	腹腔镜下全腹膜外腹股沟疝补片修补术（TEP）
腹腔镜下双侧腹股沟直疝无张力修补术	17.2100x001	腹腔镜下双侧腹股沟直疝无张力修补术
腹腔镜右半结肠根治性切除术。	17.3300	腹腔镜右半结肠切除术
3D腹腔镜左半结肠切除术	17.3500	腹腔镜左半结肠切除术
经腹腔镜乙状结肠切除术	17.3600	腹腔镜乙状结肠切除术
达芬奇下腹膜后肿瘤切除术	17.4100	机器人援助操作
机器人房间隔缺损修补术	17.4100|35.7100x009	机器人援助操作|房间隔缺损修补术
左肩关节脱位手法复位	17.9700x005	肩关节脱位手法整复术
左髋关节后脱位手法复位术	17.9700x012	髋关节脱位手法整复术
右人工髋关节脱位手法复位术	17.9700x012	髋关节脱位手法整复术
双侧耳前瘘管切除术	18.2100x006	耳前瘘管切除术
局麻下右耳前瘘管切除术	18.2100x006	耳前瘘管切除术
局麻下左侧耳前瘘管切除术	18.2100x006	耳前瘘管切除术
左侧耳前肿物切除术	18.2101	耳前病损切除术
右耳前病损切除术	18.2101	耳前病损切除术
耳廓肿物切除术（左）	18.2900x003	耳廓病损切除术
双耳瘢痕疙瘩切除术	18.2900x003	耳廓病损切除术
右侧耳垂肿物切除术	18.2900x003	耳廓病损切除术
耳显微镜下左外耳道胆脂瘤切除术	18.2900x009	外耳道病损切除术
右侧外耳病损切除术	18.2901	外耳病损切除术
双侧附耳切除术	18.2907	副耳切除术
左副耳切除术	18.2907	副耳切除术
右侧外耳道成形术	18.6x01	外耳道成形术
左侧外耳道成形术	18.6x01	外耳道成形术
左侧耳廓再造术	18.7100x001	耳廓成形术
分期耳廓成形术	18.7100x001	耳廓成形术
右耳后扩张器置入术	18.9x00x007	耳后皮肤扩张器置入术
显微镜下左耳鼓膜修补术。	19.4x00x002	鼓膜修补术
左鼓膜修补	19.4x00x002	鼓膜修补术
右I型鼓室成形术	19.4x01	鼓室成形术,I型
右鼓室成形术（I型）	19.4x01	鼓室成形术,I型
右鼓室成形I型	19.4x01	鼓室成形术,I型
左鼓室成形术Ⅰ型（内贴法）。	19.4x01	鼓室成形术,I型
右侧鼓室成形术（I 型）	19.4x01	鼓室成形术,I型
显微镜下I型鼓室成形术	19.4x01	鼓室成形术,I型
左鼓室成形术Ⅲi（开放充填）	19.5300	鼓室成形术，III型
右侧完壁式乳突根治伴鼓室成形术	19.5300	鼓室成形术，III型
右侧乳突改良根治伴鼓室成形术	19.5300	鼓室成形术，III型
右鼓室成形术Ⅲc（完璧）	19.5300	鼓室成形术，III型
左鼓室成形术Ⅳc（完壁）	19.5400	鼓室成形术，IV型
右侧乙状窦憩室还纳术	19.9x00x006	乙状窦还纳术
双侧鼓膜切开置管	20.0100	鼓膜切开术伴置管
左耳鼓膜切开鼓室置管术	20.0100	鼓膜切开术伴置管
鼓室置管术（左）	20.0100x005	鼓室置管术
左鼓室置管术	20.0100x005	鼓室置管术
双侧中耳置管术	20.0100x005	鼓室置管术
耳内镜下左侧鼓膜切开置管术	20.0100x006	内镜下鼓膜置管术
耳内镜下双耳鼓膜穿刺术	20.0900	其他鼓膜切开术
鼓室探查术	20.2301	鼓室探查术
耳显微镜下右耳开放式乳突根治术	20.4200	根治性乳突切除术
耳显微镜下左耳乳突根治术	20.4200	根治性乳突切除术
右侧乳突改良根治术	20.4901	乳突改良根治术
右乳突改良根治术	20.4901	乳突改良根治术
左改良乳突根治术	20.4901	乳突改良根治术
右中耳乳突改良根治术	20.4901	乳突改良根治术
右侧耳后包块切除术	20.5100x002	耳后病损切除术
右耳后囊肿摘除术	20.5100x002	耳后病损切除术
右耳后皮脂腺囊肿切除术	20.5100x002	耳后病损切除术
左侧内淋巴囊减压术	20.7903	内淋巴减压术
右耳内淋巴囊减压术	20.7903	内淋巴减压术
左人工耳蜗植入术	20.9601	人工耳蜗置入术
左侧人工耳蜗置入术	20.9601	人工耳蜗置入术
全麻显微镜下行左耳人工耳蜗植入术	20.9601	人工耳蜗置入术
全麻显微镜下右耳人工耳蜗植入术	20.9601	人工耳蜗置入术
显微镜下人工耳蜗植入术	20.9601	人工耳蜗置入术
右侧人工耳蜗再植入术	20.9601	人工耳蜗置入术
人工耳蜗植入术（右）	20.9601	人工耳蜗置入术
右人工耳蜗再次植入术	20.9601	人工耳蜗置入术
电子耳蜗植入术(右侧,澳大利亚CI24R.FREEDOM)	20.9601	人工耳蜗置入术
鼻内窥镜下鼻腔探查止血术	21.0000	控制鼻出血
鼻腔检查止血术	21.0000	控制鼻出血
鼻内镜下右侧鼻出血电凝术	21.0300x004	鼻内窥镜下电凝止血术
鼻内镜下鼻出血电凝术	21.0300x004	鼻内窥镜下电凝止血术
鼻电凝止血	21.0302	鼻出血电凝术
鼻出血双极电凝止血术	21.0302	鼻出血电凝术
鼻内镜下鼻中隔脓肿切开引流术	21.1x00	鼻切开术
鼻腔活检术	21.2200	鼻活组织检查
鼻内镜下左侧鼻腔息肉切除术	21.3102	内镜下鼻息肉切除术
右侧鼻腔新生物切除术	21.3103	鼻内病损切除术
鼻中隔血管瘤切除术	21.3103	鼻内病损切除术
双侧鼻内窥镜下鼻内病损切除术	21.3104	内镜下鼻内病损切除术
鼻内镜下右侧鼻中隔血管瘤切除术	21.3104	内镜下鼻内病损切除术
鼻内窥镜下左鼻腔新生物切除术	21.3104	内镜下鼻内病损切除术
右鼻前庭囊肿切除术	21.3200x003	鼻前庭病损切除术
右侧鼻前庭肿物切除术	21.3200x003	鼻前庭病损切除术
鼻背部肿物切除术	21.3201	鼻部皮肤病损切除术
鼻背皮肤肿物切除术	21.3201	鼻部皮肤病损切除术
左鼻翼皮肤肿物切除术	21.3201	鼻部皮肤病损切除术
右侧鼻背部肿物切除术	21.3201	鼻部皮肤病损切除术
鼻中隔偏曲矫正术.	21.5x00	鼻中隔黏膜下切除术
经鼻内窥镜行鼻中隔偏曲矫正术。	21.5x00	鼻中隔黏膜下切除术
经鼻内镜鼻中隔偏曲矫正术。	21.5x00	鼻中隔黏膜下切除术
局麻下经鼻内镜行鼻中隔偏曲矫正术。	21.5x00	鼻中隔黏膜下切除术
鼻内窥镜下鼻中隔粘膜下部分切除术+双侧鼻内窥镜下鼻甲部分切除术	21.5x00|21.6903	鼻中隔黏膜下切除术|内镜下鼻甲部分切除术
双侧下鼻甲等离子消融术	21.6100	用透热疗法或冷冻手术的鼻甲切除术
鼻内镜下双侧下鼻甲消融术	21.6100	用透热疗法或冷冻手术的鼻甲切除术
鼻内窥镜下双中甲+双下甲部分等离子消融术	21.6100	用透热疗法或冷冻手术的鼻甲切除术
双下鼻甲射频消融术	21.6100x002	鼻甲射频消融术
双侧下鼻甲粘膜部分切除术	21.6901	鼻甲部分切除术
双下甲部分切除术	21.6901	鼻甲部分切除术
鼻内下双侧下鼻甲粘膜部分切除术	21.6903	内镜下鼻甲部分切除术
鼻骨骨折闭合复位	21.7100	鼻骨折闭合性复位术
鼻成形术	21.8700	其他鼻成形术
鼻畸形矫正术。	21.8700	其他鼻成形术
鼻内窥镜下鼻中隔穿孔修补术	21.8800	其他中隔成形术
内窥镜下鼻腔松解术	21.9101	内镜下鼻腔粘连松解术
鼻内窥镜下鼻骨整复术	21.9900	鼻其他手术
鼻假体取出术	21.9902	鼻植入物取出术
右侧上颌窦开放术	22.2x00	鼻内上颌窦切开术
鼻内镜下左侧上颌窦窦口开放术	22.2x00	鼻内上颌窦切开术
双上颌窦窦口开放术	22.2x00	鼻内上颌窦切开术
鼻内窥镜下右侧上颌窦功能性开放术	22.2x00	鼻内上颌窦切开术
经鼻内窥镜鼻窦功能开放术。	22.5000	鼻窦切开术
鼻内镜下鼻窦开放。	22.5000	鼻窦切开术
经鼻内窥镜行双侧鼻窦功能开放术。	22.5000	鼻窦切开术
经鼻内窥镜鼻窦开放。	22.5000	鼻窦切开术
左侧鼻窦功能开放术。	22.5000	鼻窦切开术
鼻内窥镜下右侧筛上颌窦开放术	22.5300	多个鼻窦切开术
鼻内镜下多鼻窦开放术，双	22.5300	多个鼻窦切开术
鼻内镜下右侧全组鼻窦开放术。	22.5300	多个鼻窦切开术
鼻内镜下双侧全组鼻窦开放术。	22.5300	多个鼻窦切开术
双鼻窦病损切除术	22.6001	鼻窦病损切除术
上颌窦提升术	22.7900x003	上颌窦提升术
18.28.38.48阻生齿拔除术	23.1902	阻生牙拔除术
牙龈肿物切取活检术	24.1100|24.3100x003	牙龈活组织检查|牙龈病损切除术
左侧下颌牙龈肿物切取活检术	24.1100|24.3100x003	牙龈活组织检查|牙龈病损切除术
左侧上颌牙龈肿物扩大切除术	24.3100x003	牙龈病损切除术
牙龈肿物切除术	24.3100x003	牙龈病损切除术
电视喉镜下舌根囊肿摘除术	25.1x00	舌病损或组织切除术或破坏术
内镜下等离子射频舌根肿物切除术	25.1x00	舌病损或组织切除术或破坏术
左舌包块探查切除术。	25.1x01	舌病损切除术
舌肿物扩大切除术	25.1x01	舌病损切除术
舌背部肿物切除术	25.1x01	舌病损切除术
舌腹肿物切除术	25.1x01	舌病损切除术
左舌肿物扩大切除术	25.1x01	舌病损切除术
舌裂伤清创缝合术	25.5100|25.9900	舌裂伤缝合术|舌的其他手术
舌系带短缩整复术	25.9100x001	舌系带延长术
右腮腺包块探查切除术	26.2901	腮腺病损切除术
右侧腮腺区肿物切除术	26.2901	腮腺病损切除术
左腮腺肿块摘除术	26.2901	腮腺病损切除术
左腮腺区包块探查摘除术	26.2901	腮腺病损切除术
右侧腮腺肿块摘除术	26.2901	腮腺病损切除术
左颌下腺病损切除术	26.2904	颌下腺病损切除术
右侧颌下腺导管结石摘除术	26.2905	颌下腺导管结石去除术
腮腺切除术	26.3201	腮腺切除术
右侧舌下腺摘除术	26.3202	舌下腺切除术
（左）舌下腺切除术	26.3202	舌下腺切除术
双侧颌下腺摘除术	26.3203	颌下腺切除术
左侧腮腺区放射性粒子植入术	26.9900|92.2700x002	涎腺或管的其他手术|放射性粒子置入放射治疗
下唇肿物扩大切除术	27.4301	唇病损切除术
左侧上唇肿物切除术	27.4301	唇病损切除术
下唇粘液腺囊肿切除术	27.4301	唇病损切除术
右侧下唇肿物扩大切除术	27.4301	唇病损切除术
左侧下唇肿物切除术	27.4301	唇病损切除术
右上唇包块探查切除术。	27.4301	唇病损切除术
下唇色素痣切除术	27.4301	唇病损切除术
口底肿物切除术	27.4900x007	口底病损切除术
右口底包块探查切除术。	27.4900x007	口底病损切除术
左侧口底肿物切除术	27.4900x007	口底病损切除术
左侧颌下肿物摘除术	27.4902	颌下区病损切除术
右颌下脂肪瘤切除术	27.4902	颌下区病损切除术
右侧颌下肿块切除术	27.4902	颌下区病损切除术
颌下包块切除术	27.4902	颌下区病损切除术
左颌下肿物切除术	27.4902	颌下区病损切除术
口腔病损切除术	27.4906	口腔病损切除术
左上唇裂修补术	27.5400	裂唇修补术
唇裂修复术	27.5400	裂唇修补术
右侧唇裂修复术	27.5400	裂唇修补术
单侧完全唇裂修复术	27.5400	裂唇修补术
先天性左上唇裂修补术	27.5400	裂唇修补术
唇畸形矫正术。	27.5903	唇成形术
腭裂整复术（两瓣法+腭帆提肌重建术）	27.6200	腭裂矫正术
左侧完全性腭裂整复术	27.6200	腭裂矫正术
悬雍垂咽腭成型术	27.6900x007	悬雍垂-软腭-咽成形术[UPPP]
口腔上颌取印模术	27.9900	口腔和面部其他手术
腭部病损切除术	27.9900	口腔和面部其他手术
腭部包块探查切除术。	27.9900	口腔和面部其他手术
右颊静脉畸形硬化术	27.9900|39.9200	口腔和面部其他手术|静脉注射硬化药
左面部血管瘤MTX激素注射治疗	27.9900|99.2900	口腔和面部其他手术|注射或输注其他治疗性或预防性药物
左面部黑痣切除术	27.9900x005	面部病损切除术
额部黑痣切除术	27.9900x005	面部病损切除术
面部血管瘤切除术	27.9900x005	面部病损切除术
左额皮下肿块切除术	27.9900x005	面部病损切除术
右侧面部肿物切除术	27.9900x005	面部病损切除术
右面部包块探查切除术。	27.9900x005	面部病损切除术
颏部皮肤肿物切除术	27.9900x005	面部病损切除术
右侧面瘫修复术	27.9900x007	面瘫矫正术
左颊部血管瘤切除术	27.9901	颊部病损切除术
颏下区肿物切除术	27.9902	颏下病损切除术
右侧扁桃体切除活检术	28.1101|28.2x00x002	扁桃体活组织检查|扁桃体切除术
扁桃体切除术（左）	28.2x00x002	扁桃体切除术
全麻下双扁桃体摘除术	28.2x00x002	扁桃体切除术
右扁桃体切除术。	28.2x00x002	扁桃体切除术
双侧扁桃腺摘除术	28.2x00x002	扁桃体切除术
等离子辅助下双侧扁桃体切除术	28.2x03	扁桃体等离子切除术
低温等离子刀辅助下双侧扁桃体切除术	28.2x03	扁桃体等离子切除术
等离子刀辅助下双侧扁桃体切除术	28.2x03	扁桃体等离子切除术
等离子下双侧扁桃体切除术	28.2x03	扁桃体等离子切除术
低温等离子刀双扁桃体切除术	28.2x03	扁桃体等离子切除术
等离子辅助双扁桃体切除术。	28.2x03	扁桃体等离子切除术
内镜辅助双侧扁桃体切除术	28.2x04	内镜下扁桃体切除术
内镜辅助左侧扁桃体切除术	28.2x04	内镜下扁桃体切除术
低温等离子扁桃体切除术+鼻窦镜下腺样体切除术	28.3x00	扁桃体切除术伴腺样增殖体切除术
低温等离子双侧扁桃体切除术、腺样体消融术	28.3x00	扁桃体切除术伴腺样增殖体切除术
内镜下等离子射频腺样体、双侧扁桃体切除术	28.3x00	扁桃体切除术伴腺样增殖体切除术
内镜下双侧扁桃体+腺样体低温等离子切除术	28.3x00	扁桃体切除术伴腺样增殖体切除术
鼻内镜下等离子辅助双侧扁桃体切除，腺样体消融术	28.3x00	扁桃体切除术伴腺样增殖体切除术
全麻双扁桃体摘除+间接喉镜腺样体刮除术	28.3x00	扁桃体切除术伴腺样增殖体切除术
双扁桃体及腺样体切除术。	28.3x01	扁桃体伴腺样体切除术
等离子射频辅助下双侧扁桃体、腺样体切除术	28.3x01	扁桃体伴腺样体切除术
扁桃体切除术伴腺样体切除术(28.3)	28.3x01	扁桃体伴腺样体切除术
低温等离子双侧扁桃体部分切除术＋鼻内镜下腺样体刨除术	28.3x02	扁桃体部分切除伴腺样体切除术
内镜下等离子射频腺样体消融术，双侧扁桃体部分消融术。	28.3x02	扁桃体部分切除伴腺样体切除术
低温等离子下扁桃体伴腺样体切除术	28.3x03	扁桃体伴腺样体等离子切除术
鼻内镜下腺样体切除术.	28.6x00x001	鼻内镜下经鼻腺样体切除术
腺样体吸切术	28.6x00x002	腺样体切除术
低温等离子辅助下腺样体切除术(腺样体消融术)	28.6x00x002	腺样体切除术
全麻下行腺样体刮除术	28.6x00x002	腺样体切除术
全麻鼻内镜等离子下腺样体消融术	28.6x00x005	鼻内镜下腺样体消融术
鼻内镜下等离子辅助腺样体消融术	28.6x00x005	鼻内镜下腺样体消融术
全麻鼻内镜等离子腺样体消融术	28.6x00x005	鼻内镜下腺样体消融术
全麻鼻内镜下等离子腺样体消融术	28.6x00x005	鼻内镜下腺样体消融术
内镜下低温等离子刀腺样体切除术	28.6x02	内镜下腺样体切除术
扁桃体术后探查止血术	28.7x01	扁桃体切除术后止血
双侧扁桃体切除术后止血	28.7x01	扁桃体切除术后止血
右侧扁桃体肿物摘除术	28.9201	扁桃体病损切除术
左扁桃体肿物切除术。	28.9201	扁桃体病损切除术
右侧扁桃体肿物切除术	28.9201	扁桃体病损切除术
扁桃体新生物摘除术	28.9201	扁桃体病损切除术
咽后壁脓肿切开引流术	29.0x00x001	咽部切开引流术
鼻内镜鼻咽活检术	29.1203	内镜下鼻咽活组织检查
右侧鳃裂囊肿切除术	29.2x00x001	鳃裂囊肿切除术
左第二鳃裂囊肿切除术	29.2x00x001	鳃裂囊肿切除术
第二鳃裂囊肿切除术	29.2x00x001	鳃裂囊肿切除术
左鳃裂囊肿摘除术	29.2x00x001	鳃裂囊肿切除术
口咽新生物摘除术	29.3901	咽部病损切除术
口咽部新生物摘除术	29.3901	咽部病损切除术
咽后壁肿物切除术	29.3901	咽部病损切除术
口咽新生物切除术	29.3901	咽部病损切除术
左侧咽部良性肿瘤切除术	29.3901	咽部病损切除术
内镜辅助支撑喉镜下咽部肿物切除术	29.3905	支撑喉镜下咽部病损切除术
右侧鳃裂瘘切除术	29.5200x002	鳃裂瘘管切除术
左前胸壁鳃裂瘘管切除术	29.5200x002	鳃裂瘘管切除术
喉癌术后咽瘘修补术	29.5301	咽瘘修补术
咽旁脓肿引流术	29.9900	咽的其他手术
支撑喉镜下声带肿物切除术	30.0900	喉病损或组织的其他切除术或破坏术
支撑喉镜下双侧声带肿物切除术	30.0900	喉病损或组织的其他切除术或破坏术
支撑喉镜下左侧声带新生物切除术	30.0900	喉病损或组织的其他切除术或破坏术
经内镜支撑喉镜下左侧声带息肉切除术	30.0900	喉病损或组织的其他切除术或破坏术
支撑喉镜下右声带息肉CO2激光显微切除术	30.0900	喉病损或组织的其他切除术或破坏术
支撑喉镜下双侧声带息肉CO2激光显微切除术	30.0900	喉病损或组织的其他切除术或破坏术
电视喉镜下喉新生物摘除术	30.0900	喉病损或组织的其他切除术或破坏术
支撑喉镜双侧声带息肉摘除术	30.0900	喉病损或组织的其他切除术或破坏术
支撑喉镜下左侧声带新生物摘除术	30.0900	喉病损或组织的其他切除术或破坏术
支撑喉镜下声带息肉切除术。	30.0900	喉病损或组织的其他切除术或破坏术
喉镜下声带病损激光烧灼术	30.0900	喉病损或组织的其他切除术或破坏术
支撑喉镜下右声带囊肿CO2激光显微切除术	30.0900	喉病损或组织的其他切除术或破坏术
支撑喉镜下右侧声带新生物摘除术	30.0900	喉病损或组织的其他切除术或破坏术
左侧支撑喉镜下声带囊肿显微切除术	30.0900	喉病损或组织的其他切除术或破坏术
支撑喉镜下左声带新生物切除术	30.0900	喉病损或组织的其他切除术或破坏术
显微镜下支撑喉镜CO2激光声带息肉切除术（右）	30.0900	喉病损或组织的其他切除术或破坏术
内镜支撑喉镜下等离子射频右侧声带肿物切除术	30.0900	喉病损或组织的其他切除术或破坏术
全麻显微支撑喉镜下右声带新生物切除术	30.0900	喉病损或组织的其他切除术或破坏术
支撑喉镜下右侧声带肿物摘除术	30.0900	喉病损或组织的其他切除术或破坏术
经内镜支撑喉镜下左侧声带肿物切除术	30.0900	喉病损或组织的其他切除术或破坏术
显微支撑喉镜激光声带粘膜剥脱术	30.0900	喉病损或组织的其他切除术或破坏术
支撑喉镜下左声带病损切除术	30.0900	喉病损或组织的其他切除术或破坏术
左侧支撑喉镜下声带囊肿切除术	30.0900	喉病损或组织的其他切除术或破坏术
经支撑喉镜左声带肿物切除术	30.0900	喉病损或组织的其他切除术或破坏术
支撑喉镜声带新生物摘除术	30.0900	喉病损或组织的其他切除术或破坏术
支撑喉镜下会厌肿物摘除术	30.0900	喉病损或组织的其他切除术或破坏术
支撑喉镜下行声带息肉摘除术	30.0900	喉病损或组织的其他切除术或破坏术
支撑喉镜下激光声带肿物切除术	30.0900	喉病损或组织的其他切除术或破坏术
支撑喉镜下声带息肉激光显微切除术	30.0900	喉病损或组织的其他切除术或破坏术
全麻支撑喉显微镜激光辅助声带息肉切除术	30.0900	喉病损或组织的其他切除术或破坏术
经支撑喉镜行左侧声带息肉切除术	30.0900	喉病损或组织的其他切除术或破坏术
经支撑喉镜下左侧声带肿物切除术	30.0900	喉病损或组织的其他切除术或破坏术
电视喉镜下喉肿物摘除术	30.0900	喉病损或组织的其他切除术或破坏术
内镜辅助支撑喉镜下会厌肿物切除术	30.0900	喉病损或组织的其他切除术或破坏术
支撑喉镜及显微镜下行会厌肿物激光切除术	30.0900	喉病损或组织的其他切除术或破坏术
支撑喉镜下行左侧声带肿物切除术	30.0900	喉病损或组织的其他切除术或破坏术
经支撑喉镜下激光双侧声带肿物切除术	30.0900	喉病损或组织的其他切除术或破坏术
显微镜下经支撑喉镜CO2激光双声带息肉切除术	30.0900	喉病损或组织的其他切除术或破坏术
喉镜下声带病损激光烧灼	30.0900	喉病损或组织的其他切除术或破坏术
支撑喉镜下声带息肉摘除	30.0900	喉病损或组织的其他切除术或破坏术
支撑喉镜下二氧化碳激光双侧声带息肉切除术	30.0900	喉病损或组织的其他切除术或破坏术
内镜辅助下支撑喉镜下声带息肉切除术	30.0900	喉病损或组织的其他切除术或破坏术
内镜下支撑喉镜左侧声带息肉切除术	30.0900	喉病损或组织的其他切除术或破坏术
CO2激光会厌囊肿切除术	30.0900x021	会厌病损切除术
会厌良性肿瘤切除术	30.0900x021	会厌病损切除术
直达喉镜下右侧声带新生物摘除术	30.0901	声带病损切除术
C02激光声带肿物切除术（右）	30.0901	声带病损切除术
等离子射频喉肿物切除术	30.0902	喉病损切除术
电视喉镜下会厌囊肿切除术	30.0903	内镜下会厌病损切除术
(左侧)喉镜下声带息肉摘除术	30.0905	内镜下声带病损切除术
(喉（或咽）镜)喉镜下声带息肉摘除术((30.0902))	30.0905	内镜下声带病损切除术
(左侧)喉镜下声带病损切除术((30.0901))	30.0905	内镜下声带病损切除术
喉镜下声带病损切除术	30.0905	内镜下声带病损切除术
电视喉镜下声带新生物摘除术	30.0905	内镜下声带病损切除术
显微支撑喉镜激光喉新生物探查切除术。	30.0911	支撑喉镜下喉病损切除术
支撑喉镜下行喉肿物切除术	30.0911	支撑喉镜下喉病损切除术
支撑喉镜下低温等离子辅助喉肿物切除术	30.0911	支撑喉镜下喉病损切除术
支撑喉镜下喉部新生物摘除术	30.0911	支撑喉镜下喉病损切除术
支撑喉镜下喉血管瘤切除术	30.0911	支撑喉镜下喉病损切除术
支撑喉镜喉良性肿物切除术	30.0911	支撑喉镜下喉病损切除术
支撑喉镜下CO2激光喉角化症切除术	30.0911	支撑喉镜下喉病损切除术
支撑喉镜下喉角化症切除术	30.0911	支撑喉镜下喉病损切除术
支撑喉显微镜下CO2激光喉肿物切除术	30.0911	支撑喉镜下喉病损切除术
支撑喉镜下喉乳头状瘤CO2激光显微切除术	30.0911	支撑喉镜下喉病损切除术
支撑喉镜下喉部良性肿瘤切除术	30.0911	支撑喉镜下喉病损切除术
支撑喉镜下喉乳头状瘤吸割术	30.0911	支撑喉镜下喉病损切除术
右垂直半喉切除术 气管切开术	30.1x00	半喉切除术
支撑喉镜下CO2激光右侧声带切除术	30.2200	声带切除术
喉裂开喉部分切除术	30.2900x003	喉部分切除术
声门上水平喉部分切除术	30.2908	声门上喉部分切除术
经皮微创气管切开术	31.1x00x005	暂时性气管切开术
双侧暂时性气管切开术	31.1x00x005	暂时性气管切开术
气管切开术。	31.1x00x005	暂时性气管切开术
双侧气管切开术	31.1x00x005	暂时性气管切开术
暂时性气管切开术(经皮微创)	31.1x00x005	暂时性气管切开术
全麻下气管切开术	31.1x00x005	暂时性气管切开术
经电子鼻咽喉镜喉部新生物活检术	31.4300	闭合性[内镜]喉活组织检查
气管内新生物消融术	31.5x00	气管病损或组织的局部切除术或破坏术
全麻下经支气管镜气管肿物切除术	31.5x04	内镜下气管病损切除术
支撑喉镜下环杓关节复位术	31.6900	喉的其他修补术
气管造瘘口修补术	31.7400	气管造口修复术
支撑喉镜下喉部血管瘤平阳霉素注射术	31.9800|99.2905	喉的其他手术|血管瘤平阳霉素注射
支气管囊肿切除术	32.0901	支气管病损切除术
支气管袖式右肺上叶切除术	32.1x01	支气管袖状切除术
VATS左肺上叶楔形切除术	32.2001	胸腔镜下肺楔形切除术
胸腔镜辅助右上肺楔形切除术	32.2001	胸腔镜下肺楔形切除术
胸腔镜下右中肺楔形切除术	32.2001	胸腔镜下肺楔形切除术
胸腔镜左上肺肿物楔形切除术	32.2001	胸腔镜下肺楔形切除术
胸腔镜左肺上叶占位楔形切除术	32.2001	胸腔镜下肺楔形切除术
单孔胸腔镜下左上肺楔形切除术	32.2001	胸腔镜下肺楔形切除术
胸腔镜辅助左肺下叶楔形切除术	32.2001	胸腔镜下肺楔形切除术
胸腔镜左肺上叶楔形切除+术中冰冻	32.2001	胸腔镜下肺楔形切除术
胸腔镜右肺上叶楔形切除+术中冰冻术	32.2001	胸腔镜下肺楔形切除术
胸腔镜辅助下右下肺叶楔形切除术	32.2001	胸腔镜下肺楔形切除术
单孔胸腔镜左肺上叶楔形切除术	32.2001	胸腔镜下肺楔形切除术
胸腔镜右肺结节楔形切除术	32.2001	胸腔镜下肺楔形切除术
胸腔镜肺大疱切除术	32.2002	胸腔镜下肺大疱切除术
VATS右侧肺大疱切除术	32.2002	胸腔镜下肺大疱切除术
胸腔镜辅助下右侧肺大疱切除术	32.2002	胸腔镜下肺大疱切除术
VATS右肺大疱切除术	32.2002	胸腔镜下肺大疱切除术
VATS肺大疱切除术	32.2002	胸腔镜下肺大疱切除术
胸腔镜下右肺下叶结节切除术	32.2003	胸腔镜下肺病损切除术
胸腔镜下左肺结节切除术	32.2003	胸腔镜下肺病损切除术
胸腔镜下右肺下叶病变局部切除术	32.2003	胸腔镜下肺病损切除术
胸腔镜右肺上叶肿物切除术	32.2003	胸腔镜下肺病损切除术
胸腔镜下右下肺肿物切除术	32.2003	胸腔镜下肺病损切除术
CT引导下肺部结节微波消融术	32.2400	经皮消融肺的病损或肺组织
经皮肺病损射频消融术	32.2400x001	经皮肺病损射频消融术
左下肺占位切除术	32.2901	肺病损切除术
右下肺占位切除术	32.2901	肺病损切除术
左上肺袖式切除术	32.2903	肺袖式切除术
右上肺楔形切除术	32.2904	肺楔形切除术
右肺上叶楔形切除	32.2904	肺楔形切除术
右上肺肿物楔形切除术	32.2904	肺楔形切除术
左上肺肿物楔形切除术	32.2904	肺楔形切除术
胸腔镜下右肺上叶后段切除术	32.3000	胸腔镜肺叶节段切除术
胸腔镜下右肺上叶尖段切除术	32.3000	胸腔镜肺叶节段切除术
VATS左肺固有上叶切除术	32.3000	胸腔镜肺叶节段切除术
VATS左肺上叶固有段切除术	32.3000	胸腔镜肺叶节段切除术
VATS左肺上叶部分切除术	32.3001	胸腔镜下肺叶部分切除术
经左胸胸腔镜左上肺部分切除术	32.3001	胸腔镜下肺叶部分切除术
胸腔镜右肺中叶部分切除术	32.3001	胸腔镜下肺叶部分切除术
左上肺舌段切除术	32.3901	肺节段切除术
左肺下叶局部切除术	32.3902	肺叶部分切除术
右上叶肺局部切除术	32.3902	肺叶部分切除术
胸腔镜辅助右肺下叶切除术	32.4100	胸腔镜下肺叶切除术
胸腔镜左肺上叶切除	32.4100	胸腔镜下肺叶切除术
胸腔镜下右下肺叶切除术	32.4100	胸腔镜下肺叶切除术
胸腔镜右上肺叶切除术	32.4100	胸腔镜下肺叶切除术
胸腔镜辅助下右肺上叶切除术	32.4100	胸腔镜下肺叶切除术
VATS-右肺上叶切除术	32.4100	胸腔镜下肺叶切除术
VATS右上肺切除术	32.4100	胸腔镜下肺叶切除术
胸腔镜经右胸右肺中叶切除术	32.4100	胸腔镜下肺叶切除术
VATS-右肺中叶切除术	32.4100	胸腔镜下肺叶切除术
(左侧上部)胸腔镜下肺叶切除术((32.4002))	32.4100	胸腔镜下肺叶切除术
(右侧上部)胸腔镜下肺叶切除术	32.4100	胸腔镜下肺叶切除术
经胸腔镜行右肺上叶切除术	32.4100	胸腔镜下肺叶切除术
经右胸cVATS右上肺切除术	32.4100	胸腔镜下肺叶切除术
胸腔镜下右肺上叶切除	32.4100	胸腔镜下肺叶切除术
胸腔镜经右胸右肺上叶切除淋巴结清除术	32.4100|40.5900	胸腔镜下肺叶切除术|其他淋巴结根治性切除术
胸腔镜经左胸左肺下叶切除淋巴结清除术	32.4100|40.5900	胸腔镜下肺叶切除术|其他淋巴结根治性切除术
经左胸胸腔镜左下肺切除淋巴结清除术	32.4100|40.5900	胸腔镜下肺叶切除术|其他淋巴结根治性切除术
胸腔镜下肺叶切除术伴淋巴结清扫术（左上肺叶）	32.4100|40.5900	胸腔镜下肺叶切除术|其他淋巴结根治性切除术
胸腔镜下肺叶切除术伴淋巴结清扫术（右下肺叶）	32.4100|40.5900	胸腔镜下肺叶切除术|其他淋巴结根治性切除术
胸腔镜下右上肺叶切除术伴淋巴结清扫术	32.4100|40.5900	胸腔镜下肺叶切除术|其他淋巴结根治性切除术
cVATS右下肺切除，淋巴结清除术	32.4100|40.5900	胸腔镜下肺叶切除术|其他淋巴结根治性切除术
胸腔镜下左肺上叶切除，纵隔淋巴结廓清术	32.4100|40.5914	胸腔镜下肺叶切除术|胸腔镜纵隔淋巴结清扫术
胸腔镜下，右肺上叶切除，纵隔淋巴结廓清术	32.4100|40.5914	胸腔镜下肺叶切除术|胸腔镜纵隔淋巴结清扫术
右下肺叶切除术	32.4902	肺叶切除术
左肺下叶切除	32.4902	肺叶切除术
左下叶肺切除术	32.4902	肺叶切除术
右中肺叶切除术	32.4902	肺叶切除术
右上肺切除术	32.4902	肺叶切除术
右中、下肺叶切除术	32.4902	肺叶切除术
右肺上叶切除	32.4902	肺叶切除术
剖右胸右肺下叶切除术	32.4902	肺叶切除术
左全肺切除术+纵隔淋巴结清扫术	32.5901	全肺切除术伴纵隔淋巴结清扫术
右肺下叶切除、纵隔淋巴结廓清术	32.6x00x002	肺叶切除术伴淋巴结清扫术
左肺下叶切除纵隔淋巴结清除术	32.6x00x002	肺叶切除术伴淋巴结清扫术
左肺上叶癌左肺上叶切除淋巴结清除术	32.6x00x002	肺叶切除术伴淋巴结清扫术
左肺上叶切除，淋巴结廓清术	32.6x00x002	肺叶切除术伴淋巴结清扫术
经右胸右上肺切除淋巴结清除术	32.6x00x002	肺叶切除术伴淋巴结清扫术
左肺上叶切除、淋巴结廓清术	32.6x00x002	肺叶切除术伴淋巴结清扫术
右肺中叶切除，淋巴结清除术	32.6x00x002	肺叶切除术伴淋巴结清扫术
支气管镜下气管、支气管探查术	33.2300	其他支气管镜检查
电子支气管镜检查	33.2302	电子支气管镜检查
CT引导下左上肺肿物穿刺活检术	33.2600x001	肺穿刺活检
经皮肺穿刺活组织检查	33.2600x001	肺穿刺活检
左肺占位穿刺活检术	33.2600x001	肺穿刺活检
支气管镜下肺活组织检查	33.2700x001	支气管镜下肺活检
经支气管超声引导下肺肿物穿刺活检术	33.2702	超声支气管镜下肺活组织检查
支气管内异物取出术	33.7801	内镜下支气管异物取出术
肺穿刺术	33.9300	肺穿刺
支气管动脉灌注化疗	33.9800|99.2502	支气管的其他手术|动脉注射化疗药物
CT引导下右中肺结节穿刺定位术	33.9900	肺的其他手术
左前胸壁异物取出术	34.0102	胸壁切开异物取出术
床旁开胸探查术	34.0200x001	开胸探查术
经右胸剖胸探查术	34.0200x001	开胸探查术
右侧开胸探查术。	34.0200x001	开胸探查术
右侧胸腔镜下胸膜活检术	34.2000	胸腔镜胸膜活组织检查
右胸壁包块切除活检术	34.2300|34.4x01	胸壁活组织检查|胸壁病损切除术
CT引导下纵隔肿物穿刺活检术	34.2500	闭合性纵隔[经皮][针吸]活组织检查
前纵膈肿瘤切除术	34.3x02	纵隔病损切除术
前纵隔肿物切除术	34.3x02	纵隔病损切除术
纵隔肿瘤切除术。	34.3x02	纵隔病损切除术
左开胸纵隔肿瘤切除术	34.3x02	纵隔病损切除术
右开胸纵膈肿瘤切除术	34.3x02	纵隔病损切除术
纵隔内肿物切除术	34.3x02	纵隔病损切除术
正中切口前纵隔肿瘤切除术	34.3x02	纵隔病损切除术
正中劈胸骨前纵隔肿物切除术	34.3x02	纵隔病损切除术
胸腔镜下纵膈肿瘤切除术	34.3x04	胸腔镜下纵隔病损切除术
胸腔镜前纵隔肿块切除术	34.3x04	胸腔镜下纵隔病损切除术
胸腔镜纵膈肿物切除术	34.3x04	胸腔镜下纵隔病损切除术
胸腔镜下经右胸纵膈肿瘤切除术	34.3x04	胸腔镜下纵隔病损切除术
单孔胸腔镜下纵隔肿瘤切除术	34.3x04	胸腔镜下纵隔病损切除术
胸腔镜下后纵膈占位切除术	34.3x04	胸腔镜下纵隔病损切除术
VATS左后纵隔占位切除术	34.3x04	胸腔镜下纵隔病损切除术
胸腔镜下右前纵隔肿瘤切除术	34.3x04	胸腔镜下纵隔病损切除术
VATS右前纵隔肿瘤切除术	34.3x04	胸腔镜下纵隔病损切除术
胸腔镜辅助下后纵隔肿瘤切除术	34.3x04	胸腔镜下纵隔病损切除术
VATS右后纵隔肿物切除术	34.3x04	胸腔镜下纵隔病损切除术
VATS纵膈占位切除术	34.3x04	胸腔镜下纵隔病损切除术
左侧胸壁肿物切除术	34.4x01	胸壁病损切除术
左侧胸壁脂肪瘤切除术	34.4x01	胸壁病损切除术
右侧胸壁结核病灶清除术	34.4x01	胸壁病损切除术
右侧胸壁病损切除术	34.4x01	胸壁病损切除术
右胸壁病损切除术	34.4x01	胸壁病损切除术
左前胸壁结核病灶清除术	34.4x01	胸壁病损切除术
(右侧)胸壁肿瘤切除术	34.4x01	胸壁病损切除术
胸壁清创术	34.7101	胸壁清创缝合术
右胸壁清创缝合术	34.7101	胸壁清创缝合术
漏斗胸Nuss术	34.7400x008	漏斗胸NUSS手术
微创漏斗胸矫治术	34.7402	胸腔镜下漏斗胸矫正术
非血管介入: 胸腔穿刺	34.9100	胸腔穿刺术
胸膜固定术	34.9902	胸膜固定术
胸腔镜下左侧胸膜固定术	34.9905	胸腔镜下胸膜固定术
主动脉瓣成形术((35.1102))	35.1101	主动脉瓣成形术
二尖瓣修复成形术	35.1200x001|35.1201	二尖瓣修补术|二尖瓣成形术
二尖瓣关闭不全瓣膜成形术+术中经食管超声心动图((35.1203+35.1402+42.0905.02))	35.1201|88.7202	二尖瓣成形术|经食道超声心动图
(胸腔镜)二尖瓣关闭不全瓣膜成形术+术中经食管超声心动图((35.1203+42.0905.02))	35.1202|88.7202	胸腔镜下二尖瓣成形术|经食道超声心动图
肺动脉瓣狭窄扩张术	35.1301	肺动脉瓣成形术
三尖瓣下移畸形纠治术	35.1400x002	三尖瓣下移矫治术[Ebstein畸形]
Wheat's术	35.2100x003	主动脉瓣置换伴升主动脉置换术[Wheat's手术]
Wheats手术	35.2100x003	主动脉瓣置换伴升主动脉置换术[Wheat's手术]
主动脉瓣置换、冠状动脉搭桥术	35.2200|36.1000x001	主动脉瓣切开和其他置换术|主动脉-冠状动脉搭桥术
体外循环下行主动脉瓣置换术	35.2200|39.6100	主动脉瓣切开和其他置换术|体外循环辅助开放性心脏手术
二尖瓣主动脉瓣机械瓣置换术	35.2201|35.2401	主动脉瓣机械瓣膜置换术|二尖瓣机械瓣膜置换术
二尖瓣置换	35.2400	二尖瓣切开和其他置换术
体外循环下二尖瓣置换术	35.2400|39.6100	二尖瓣切开和其他置换术|体外循环辅助开放性心脏手术
房间隔缺损的假体修补术(35.5101)	35.5100x001	房间隔缺损人造补片修补术
先天性心脏病房间隔缺损介入封堵术	35.5200x001	经皮房间隔缺损封堵术
房间隔缺损介入封堵	35.5200x001	经皮房间隔缺损封堵术
食道超声引导下经皮房间隔缺损封堵术	35.5200x001|88.7202	经皮房间隔缺损封堵术|经食道超声心动图
室间隔缺损堵塞术	35.5300x001	室间隔缺损人造补片修补术
室间隔缺损封堵术。	35.5300x001	室间隔缺损人造补片修补术
双侧经皮室间隔缺损封堵术	35.5500x001	经皮室间隔缺损封堵术
经皮室间隔缺损堵闭术	35.5500x001	经皮室间隔缺损封堵术
室间隔缺损介入封堵	35.5500x001	经皮室间隔缺损封堵术
室间隔缺损封堵术（经皮导管）	35.5500x001	经皮室间隔缺损封堵术
房间隔缺损组织补片修补术（不停跳）	35.6101	房间隔缺损组织补片修补术
室间隔缺损修补术卵圆孔缝闭术	35.7100x002|35.7200x001	卵圆孔未闭修补术|室间隔缺损修补术
微创房间隔缺损修补术	35.7100x009	房间隔缺损修补术
房、室间隔缺损修补术	35.7100x009|35.7200x001	房间隔缺损修补术|室间隔缺损修补术
全麻体外循环下行房、室缺心内修补术	35.7100x009|35.7200x001|39.6100	房间隔缺损修补术|室间隔缺损修补术|体外循环辅助开放性心脏手术
房间隔缺损修补术二尖瓣前叶裂缝合术	35.7100x009|35.9900	房间隔缺损修补术|心脏瓣膜的其他手术
全麻体外循环下行房间隔缺损修补术	35.7100x009|39.6100	房间隔缺损修补术|体外循环辅助开放性心脏手术
微创室间隔缺损修补术	35.7200x001	室间隔缺损修补术
室间隔缺损修补术。	35.7200x001	室间隔缺损修补术
CHD VSD缝合	35.7200x001	室间隔缺损修补术
全麻体外循环下行室缺心内修补术	35.7200x001|39.6100	室间隔缺损修补术|体外循环辅助开放性心脏手术
心内膜垫缺损修补术	35.7300x002	心内膜垫缺损矫治术
体外循环下法洛四联症根治术	35.8100x001|39.6100	法乐氏四联症根治术|体外循环辅助开放性心脏手术
主动脉弓离断矫治术	35.8306	主动脉弓离断矫治术
微创主动脉瓣生物瓣膜置换术((35.2101))	35.9900	心脏瓣膜的其他手术
冠状动脉支架植入	36.0601	冠状动脉药物涂层支架置入术
经皮冠状动脉支架植入术	36.0601	冠状动脉药物涂层支架置入术
冠状动脉搭桥术（微创不停跳）((36.1002))	36.1000	主动脉冠状动脉旁路移植，为心脏血管再形成术
非体外循环下不停跳冠状动脉旁路移植术	36.1000x001	主动脉-冠状动脉搭桥术
冠状动脉搭桥术(不停跳）	36.1000x001	主动脉-冠状动脉搭桥术
主动脉-冠状动脉旁路移植术	36.1000x001	主动脉-冠状动脉搭桥术
非体外循环不停跳冠状动脉脉旁路移植术	36.1000x001	主动脉-冠状动脉搭桥术
OPCAB术	36.1000x001	主动脉-冠状动脉搭桥术
OPCAB（LIMA-LAD，AO-SVG-D-OM-RPL-PDA）	36.1000x001	主动脉-冠状动脉搭桥术
体外循环下冠状动脉搭桥术	36.1000x001|39.6100	主动脉-冠状动脉搭桥术|体外循环辅助开放性心脏手术
主动脉-二支冠状动脉搭桥术	36.1200	二根冠状动脉的(主动脉)冠状动脉旁路移植
CABG×2	36.1200	二根冠状动脉的(主动脉)冠状动脉旁路移植
主动脉-二支冠状动脉搭桥+单侧乳内动脉搭桥术	36.1200|36.1500	二根冠状动脉的(主动脉)冠状动脉旁路移植|单乳房内动脉-冠状动脉旁路移植
单侧乳内动脉-冠状动脉搭桥术、主动脉-二支冠状动脉搭桥术	36.1200|36.1500	二根冠状动脉的(主动脉)冠状动脉旁路移植|单乳房内动脉-冠状动脉旁路移植
非体外循环下冠状动脉搭桥术（OPCAB）X       3	36.1300	三根冠状动脉的(主动脉)冠状动脉旁路移植
非体外循环冠状动脉搭桥术（OPCAB）X       3	36.1300	三根冠状动脉的(主动脉)冠状动脉旁路移植
不停跳冠状动脉搭桥术（4支）	36.1400	四根或以上冠状动脉的(主动脉)冠状动脉旁路移植
不停跳冠脉搭桥术*4支	36.1400	四根或以上冠状动脉的(主动脉)冠状动脉旁路移植
非体外循环冠状动脉搭桥术（OPCAB）X       5	36.1400	四根或以上冠状动脉的(主动脉)冠状动脉旁路移植
冠状动脉搭桥术+腔镜取大隐静脉	36.1900	其他搭桥吻合术，为心脏血管再形成术
不停跳冠脉搭桥手术+腔镜取大隐静脉	36.1900	其他搭桥吻合术，为心脏血管再形成术
心包积液穿刺引流术	37.0x00x002	心包穿刺引流术
选择性左右心导管检查术	37.2900	心脏和心包的其他诊断性操作
心包大部剥脱术	37.3102	心包部分切除术
电视胸腔镜下心包囊肿切除术。	37.3104	胸腔镜下心包病损切除术
房颤冷冻消融术	37.3300	心脏其他病损或组织的切除术或破坏术，开放性入路
左心房黏液瘤摘除术	37.3300x014	心房肿瘤切除术
心脏肿瘤切除术((37.3303))	37.3300x018	心脏肿瘤切除术
房速射频消融术	37.3302	心脏射频消融术
Carto标测下心房颤动射频消融术	37.3401	经导管心脏射频消融术
Carto3+Lasso标测下房扑射频消融术	37.3401	经导管心脏射频消融术
经皮房速射频消融术	37.3401	经导管心脏射频消融术
经皮心房扑动射频消融	37.3401	经导管心脏射频消融术
经皮心房颤动射频消融术	37.3401	经导管心脏射频消融术
EPS/RFCA术	37.3401|37.2600x001	经导管心脏射频消融术|术中心脏电生理检查
双侧经皮心脏冷冻消融术	37.3403	经导管心脏冷冻消融术
经血管心脏冷冻消融术	37.3403	经导管心脏冷冻消融术
胸腔镜下房颤消融术	37.3700	其他心脏组织或病损消融、切除或破坏，胸腔镜入路
(胸腔镜)心脏肿瘤切除术+术中经食管超声心动图((37.3303+42.0905.02))	37.3700|88.7202	其他心脏组织或病损消融、切除或破坏，胸腔镜入路|经食道超声心动图
IABP置入术	37.6101	主动脉球囊反搏置入术
起搏器囊袋清创术和电极拔除术	37.7701|37.7901	心脏电极去除术|心脏起搏器囊袋清创术
经静脉临时起搏器安置术	37.7800	暂时性经静脉起搏器系统的置入
临时起搏器植入	37.7800	暂时性经静脉起搏器系统的置入
埋藏式人工心脏起搏器置入术	37.8000x001	永久起搏器置入术
永久起搏植入术	37.8000x001	永久起搏器置入术
SSS埋藏式人工心脏起搏器植入术	37.8000x001	永久起搏器置入术
埋藏式心脏起搏器植入术	37.8000x001	永久起搏器置入术
永久性心脏起搏器安置术	37.8000x001	永久起搏器置入术
永久起搏器植入术	37.8000x001	永久起搏器置入术
永久起搏器更换手术	37.8000x002	永久起搏器置换术
心脏埋藏起搏器更换术	37.8000x002	永久起搏器置换术
心脏永久起搏器置换术	37.8000x002	永久起搏器置换术
单腔起搏器（AAI）植入术	37.8101	单腔永久起搏器置入术
单腔永久起搏器安置术	37.8101	单腔永久起搏器置入术
心脏双腔起搏器植入术	37.8301	双腔永久起搏器置入术
DDD型永久性心脏起搏器植入术（圣犹达）	37.8301	双腔永久起搏器置入术
永久性单腔起搏器更换术	37.8501	单腔永久起搏器置换术
VVI型永久性心脏起搏器更换术（Medtronic）	37.8501	单腔永久起搏器置换术
DDD型永久性心脏起搏器置换术（Medtronic）	37.8701	双腔永久起搏器置换术
心脏双腔永久起搏器更换术	37.8701	双腔永久起搏器置换术
经皮左心耳封堵术	37.9000x001	经皮左心耳封堵术
体内埋藏式自动除颤起搏器植入	37.9401	心脏除颤器置入术
心脏除颤器植入术	37.9401	心脏除颤器置入术
左股动脉切开取栓	38.0801	股动脉取栓术
左下肢股动脉切开取栓术	38.0801	股动脉取栓术
右下肢股动脉切开取栓术	38.0801	股动脉取栓术
右股动脉切开取栓成形术	38.0801	股动脉取栓术
右侧颈动脉内膜剥脱术	38.1200x003	颈动脉内膜剥脱术
左侧颈动脉内膜切除补片成形术	38.1202	颈动脉内膜切除伴补片修补术
右下肢动脉血运重建术（斑块旋切+球囊扩张术）	38.1800|39.5000x031	下肢动脉内膜切除术|下肢动脉球囊扩张成形术
颞浅动脉活检术	38.2100	血管活组织检查
Bentall术	38.4503	主动脉瓣和升主动脉置换和冠脉移植术（Bentall手术）
Bentalls术	38.4503	主动脉瓣和升主动脉置换和冠脉移植术（Bentall手术）
BENTALL	38.4503	主动脉瓣和升主动脉置换和冠脉移植术（Bentall手术）
左下肢大隐静脉高位结扎剥脱+腔内激光闭合术	38.5900x003|38.5901	大隐静脉主干激光闭合术|大隐静脉高位结扎和剥脱术
左下肢大隐静脉高位结扎剥脱+激光治疗术	38.5900x003|38.5901	大隐静脉主干激光闭合术|大隐静脉高位结扎和剥脱术
左大隐静脉高位结扎剥脱术+腔内激光闭合术	38.5900x003|38.5901	大隐静脉主干激光闭合术|大隐静脉高位结扎和剥脱术
左下肢大隐静脉高位结扎分段剥脱加腔内激光闭合术	38.5900x003|38.5901	大隐静脉主干激光闭合术|大隐静脉高位结扎和剥脱术
左侧大隐静脉高位结扎+主干腔内激光闭合术	38.5900x003|38.5902	大隐静脉主干激光闭合术|大隐静脉曲张结扎术
右侧大隐静脉高位结扎+主干腔内激光闭合术	38.5900x003|38.5902	大隐静脉主干激光闭合术|大隐静脉曲张结扎术
双侧大隐静脉高位结扎并激光闭合术	38.5900x003|38.5902	大隐静脉主干激光闭合术|大隐静脉曲张结扎术
左侧大隐静脉+交通静脉激光闭合术	38.5900x003|38.8900	大隐静脉主干激光闭合术|下肢静脉的其他手术闭合
大隐静脉主干激光闭合术+聚桂醇栓塞术	38.5900x003|39.9200	大隐静脉主干激光闭合术|静脉注射硬化药
左下肢大隐静脉激光治疗术+曲张静脉聚桂醇治疗术	38.5900x003|39.9200	大隐静脉主干激光闭合术|静脉注射硬化药
左大隐静脉主干激光闭合术+聚桂醇治疗术	38.5900x003|39.9200	大隐静脉主干激光闭合术|静脉注射硬化药
双侧大隐静脉高位结扎剥脱术	38.5901	大隐静脉高位结扎和剥脱术
大隐静脉高位结扎+点式剥脱术	38.5901	大隐静脉高位结扎和剥脱术
右下肢大隐静脉高位结扎剥脱术(+浅静脉刨吸术)	38.5901	大隐静脉高位结扎和剥脱术
左下肢大隐静脉高位结扎+点状剥脱术	38.5901	大隐静脉高位结扎和剥脱术
右侧大隐静脉高位结扎+点状剥脱术	38.5901	大隐静脉高位结扎和剥脱术
双侧大隐静脉高位结扎、分段剥脱术	38.5901	大隐静脉高位结扎和剥脱术
大隐静脉高位结扎+分段剥脱术+Trivex旋切	38.5901	大隐静脉高位结扎和剥脱术
大隐静脉高位结扎+点式剥脱	38.5901	大隐静脉高位结扎和剥脱术
双侧大隐静脉高位结扎抽剥术	38.5901	大隐静脉高位结扎和剥脱术
左下肢大隐静脉高位结扎及微创刨吸术。	38.5901	大隐静脉高位结扎和剥脱术
双侧大隐静脉高位结扎+旋切术	38.5901	大隐静脉高位结扎和剥脱术
左下肢大隐静脉高位结扎+微创刨吸术。	38.5901	大隐静脉高位结扎和剥脱术
大隐静脉(高位结扎+)剥脱术	38.5901	大隐静脉高位结扎和剥脱术
右大隐静脉结扎术+大隐静脉剥脱术	38.5901	大隐静脉高位结扎和剥脱术
左下肢大隐静脉曲张高位结扎、剥脱，旋切术	38.5901	大隐静脉高位结扎和剥脱术
右侧大隐静脉高位结扎+点式剥脱	38.5901	大隐静脉高位结扎和剥脱术
右下肢大隐静脉高位结扎+分段剥脱	38.5901	大隐静脉高位结扎和剥脱术
双侧大隐静脉高位结扎抽剥腔内闭合术	38.5901|38.8900	大隐静脉高位结扎和剥脱术|下肢静脉的其他手术闭合
双下肢大隐静脉高位结扎抽剥腔内闭合术	38.5901|38.8900	大隐静脉高位结扎和剥脱术|下肢静脉的其他手术闭合
右大隐静脉高位结扎抽剥闭合术	38.5901|38.8900	大隐静脉高位结扎和剥脱术|下肢静脉的其他手术闭合
左大隐静脉高位结扎剥脱术+硬化剂闭合术	38.5901|38.8900|39.9200	大隐静脉高位结扎和剥脱术|下肢静脉的其他手术闭合|静脉注射硬化药
左下肢大隐静脉、交通静脉分段结扎术	38.5902|38.5900	大隐静脉曲张结扎术|下肢静脉曲张的结扎术和剥脱术
左大隐静脉高位结扎分段切除术	38.5902|38.5907	大隐静脉曲张结扎术|大隐静脉曲张分段切除术
左下肢大隐静脉剥脱术并曲张静脉点状剥脱术	38.5903	大隐静脉曲张剥脱术
左侧大隐静脉Trivex术	38.5903	大隐静脉曲张剥脱术
动静脉畸形切除术	38.6000	血管的其他切除术
畸形血管切除术	38.6000	血管的其他切除术
左背部血管瘤切除术	38.6000x011	躯干部血管瘤切除术
脑干海绵状血管瘤切除术	38.6102	脑血管瘤切除术
右颈外静脉瘤切除术	38.6200x007	颈外静脉瘤切除术
脾动脉瘤切除术	38.6601	脾动脉瘤切除术
下腔静脉滤器置入	38.7x04	下腔静脉滤器置入术
下腔静脉滤器植入术。	38.7x04	下腔静脉滤器置入术
*下腔静脉滤器置入术	38.7x04	下腔静脉滤器置入术
右侧下腔静脉滤器置入术	38.7x04	下腔静脉滤器置入术
下肢静脉曲张激光治疗术	38.8900	下肢静脉的其他手术闭合
左下肢静脉畸形激光介导治疗	38.8900	下肢静脉的其他手术闭合
下肢静脉滤器置入术	38.8900x001	下肢静脉滤器置入术
腋静脉穿刺置管术	38.9300	静脉导管插入术
右侧长期颈内静脉置管术	38.9302	颈内静脉穿刺中心静脉置管术
右锁骨下静脉穿刺置管术	38.9303	锁骨下静脉穿刺中心静脉置管术
经锁骨下深静脉穿刺置管术	38.9303	锁骨下静脉穿刺中心静脉置管术
左股静脉穿刺置管术	38.9304	股静脉穿刺置管术
Tips术	39.1x10	经颈静脉肝内门体静脉吻合术
前臂动静脉内瘘成形术	39.2700x001	为肾透析的动静脉造瘘术
自体动静脉内瘘成形术	39.2700x001	为肾透析的动静脉造瘘术
动静脉内瘘术	39.2700x001	为肾透析的动静脉造瘘术
左上臂动静脉内瘘成形术（A-V fistula formation）	39.2700x001	为肾透析的动静脉造瘘术
为肾透析的动静脉内瘘成形术	39.2700x001	为肾透析的动静脉造瘘术
左前臂动-静脉内瘘成形术（端侧吻合)	39.2700x001	为肾透析的动静脉造瘘术
动静脉内瘘形成术	39.2700x001	为肾透析的动静脉造瘘术
左上肢自体动静脉内瘘成形术	39.2700x001	为肾透析的动静脉造瘘术
右侧前臂动静脉内瘘成形术（端侧吻合）	39.2700x001	为肾透析的动静脉造瘘术
左前臂人工动静脉瘘成形术	39.2700x001	为肾透析的动静脉造瘘术
桡动静脉内瘘吻合术	39.2700x001	为肾透析的动静脉造瘘术
左股腘动脉自体大隐静脉膝下旁路术	39.2900x002	大隐静脉-股动脉搭桥术
左前臂动静脉内瘘重建术	39.4200x001	为肾透析的动静脉瘘修补术
左前臂动静脉内瘘修复重建术	39.4200x001	为肾透析的动静脉瘘修补术
左前臂动静脉内瘘再造术	39.4200x001	为肾透析的动静脉瘘修补术
左上臂动静脉内瘘重建术（A-V fistula formation）	39.4200x001	为肾透析的动静脉瘘修补术
左前臂自体动静脉内瘘重建术	39.4200x004	为肾透析的自体血管动静脉瘘修补术
经左股静脉行下腔静脉滤器取出术	39.4902	下腔静脉滤器取出术
下腔静脉可回收滤器取出术	39.4902	下腔静脉滤器取出术
B超引导下右前臂动静脉内瘘球囊扩张术	39.5000x032	动静脉造瘘后球囊扩张(用于肾透析)
B超引导下左前臂动静脉内瘘球囊扩张术（Graft A-V fistula extension by Doppler ultrasound）	39.5000x032	动静脉造瘘后球囊扩张(用于肾透析)
左前臂自体动静脉内瘘球囊扩张术	39.5000x032	动静脉造瘘后球囊扩张(用于肾透析)
右前臂自体动静脉内瘘球囊扩张术	39.5000x032	动静脉造瘘后球囊扩张(用于肾透析)
B超引导下左上臂人造血管动静脉内瘘球囊扩张术（Graft A-V fistula extension by Doppler ultrasound）	39.5000x032	动静脉造瘘后球囊扩张(用于肾透析)
锁骨下动脉球囊扩张成形术	39.5001	锁骨下动脉球囊血管成形术
肾动脉球囊扩张术	39.5002	肾动脉球囊血管成形术
左侧髂静脉PTA术	39.5007	髂静脉球囊血管成形术
腘动脉球囊扩张成形术	39.5009	腘动脉球囊血管成形术
左胫后动脉PTA术	39.5011	胫动脉球囊血管成形术
大脑开颅动脉瘤夹闭术右翼点开颅动脉瘤夹闭术	39.5100x007	脑动脉瘤夹闭术
右侧翼点锁孔开颅动脉瘤夹闭术	39.5100x007	脑动脉瘤夹闭术
左侧颈内动脉后交通动脉瘤夹闭术	39.5101|39.5104	颈动脉瘤夹闭术|后交通动脉瘤夹闭术
右侧颈内动脉后交通动脉瘤夹闭术	39.5101|39.5104	颈动脉瘤夹闭术|后交通动脉瘤夹闭术
左翼点入路左前交通动脉瘤夹闭术	39.5107	前交通动脉瘤夹闭术
左翼点开颅前交通动脉瘤夹闭术	39.5107	前交通动脉瘤夹闭术
颅内动脉成形术	39.5900	血管其他修补术
椎动脉成形术	39.5900	血管其他修补术
右侧颞浅动脉贴附术。	39.5900x013	颞浅动脉贴敷术
腹主动脉夹层腔内隔绝术	39.7102	腹主动脉覆膜支架腔内隔绝术
腹主动脉瘤腔内隔绝术。	39.7102	腹主动脉覆膜支架腔内隔绝术
经双侧股动脉穿刺行腹主动脉瘤覆膜支架腔内隔绝术	39.7102	腹主动脉覆膜支架腔内隔绝术
左侧前交通动脉瘤栓塞术	39.7203	经导管颅内动脉瘤栓塞术
右侧前交通动脉瘤栓塞术	39.7203	经导管颅内动脉瘤栓塞术
左侧椎动脉动脉瘤栓塞术	39.7203	经导管颅内动脉瘤栓塞术
右侧股动脉插管，颅内动脉瘤微弹簧圈栓塞术	39.7204	经导管颅内动脉瘤弹簧圈栓塞术
支架辅助左侧后交通动脉瘤介入栓塞术	39.7205	经导管颅内动脉瘤支架辅助栓塞术
右侧颈内动脉动脉瘤栓塞术	39.7206	经导管颈动脉瘤栓塞术
左侧颈内动脉眼动脉段动脉瘤介入栓塞术	39.7206	经导管颈动脉瘤栓塞术
主动脉夹层腔内隔绝术。	39.7300x003	主动脉覆膜支架腔内隔绝术
胸主动脉腔内修复术	39.7301	胸主动脉支架置入术
胸主动脉夹层腔内修复术	39.7301	胸主动脉支架置入术
胸主动脉覆膜支架腔内隔绝术	39.7303	胸主动脉覆膜支架腔内隔绝术
经皮颅内动脉取栓术	39.7400x002	经皮颅内动脉取栓术
左侧大脑中动脉支架取栓术	39.7400x002	经皮颅内动脉取栓术
胸腹主动脉瘤人工血管内支架术	39.7900x003	主动脉瘤支架置入术
单纯经食管超声引导下经皮PDA封堵术	39.7900x008|88.7202	经皮动脉导管未闭封堵术|经食道超声心动图
超选择性左肾动脉栓塞术	39.7900x020	肾动脉栓塞术
选择性肾动脉栓塞术	39.7900x020	肾动脉栓塞术
右侧肾动脉栓塞术	39.7900x020	肾动脉栓塞术
精索静脉栓塞术	39.7900x022	精索静脉栓塞术
下肢动脉Fogerty导管取栓术	39.7900x042	经皮下肢动脉取栓术
BAE	39.7902	经导管支气管动脉栓塞术
1.选择性支气管动脉造影术。２.支气管动脉超选择性插管栓塞术。	39.7902|88.4403	经导管支气管动脉栓塞术|支气管动脉造影
肝动脉插管+栓塞	39.7903	经导管肝动脉栓塞术
脾动脉栓塞术	39.7904	经导管脾动脉栓塞术
经皮部分脾动脉栓塞术	39.7904	经导管脾动脉栓塞术
选择性双侧髂内动脉栓塞术	39.7906	经导管髂内动脉栓塞术
左颈动脉瘤体瘤切除术	39.8901	颈动脉体瘤切除术
左颈动脉体瘤切除术	39.8901	颈动脉体瘤切除术
下肢动脉支架植入术	39.9000	周围（非冠状的）血管非药物洗脱支架置入
左髂静脉支架植入术	39.9000x011	髂静脉支架置入术
左髂动脉支架置入术	39.9004	髂动脉支架置入术
右侧锁骨下动脉支架成形术	39.9008	锁骨下动脉支架置入术
左肾动脉支架置入术	39.9016	肾动脉支架置入术
右下肢曲张静脉硬化剂注射术	39.9200	静脉注射硬化药
腹腔动脉灌注术	39.9700x001	灌注治疗术
左前臂动静脉内瘘探查术	39.9900	血管其他手术
右侧颈内静脉长期导管更换术	39.9900	血管其他手术
滤器植入术	39.9900	血管其他手术
经皮静脉内血管异物取出术	39.9900	血管其他手术
降主动脉支架植入术	39.9900	血管其他手术
降主动脉内支架置入术	39.9900	血管其他手术
急诊经皮血管成型术	39.9900	血管其他手术
肝动脉药盒置入术	39.9900	血管其他手术
半永久深静脉透析导管重置术	39.9900	血管其他手术
TIPS术后支架再通术	39.9900	血管其他手术
DSA下食道造影术	39.9900	血管其他手术
血管造影＋ＴＡＩ	39.9900|99.2900	血管其他手术|注射或输注其他治疗性或预防性药物
腋下淋巴结穿刺术	40.1100	淋巴结构的活组织检查
经腹腔镜腹腔淋巴结活检术	40.1100x003	腹腔镜下淋巴结活检术
经支气管镜超声纵隔淋巴结穿刺活检术	40.1100x005	经支气管超声内镜纵隔淋巴结穿刺活检术
超声支气镜引导下纵隔淋巴结细针穿刺活检术	40.1100x007	超声内镜下纵隔淋巴结细针穿刺活检(FNA)
右颌下淋巴结切除活检术	40.1100x010|40.2900x008	颌下淋巴结活检术|颌下淋巴结切除术
右侧颈部淋巴结活检	40.1101	颈淋巴结活组织检查
右颈部肿大淋巴结活检术	40.1101	颈淋巴结活组织检查
左颈淋巴结活检	40.1101	颈淋巴结活组织检查
左腋窝淋巴结活检术	40.1103	腋窝淋巴结活组织检查
腋窝淋巴结活检	40.1103	腋窝淋巴结活组织检查
腹股沟淋巴结切除活检术	40.1104|40.2400	腹股沟淋巴结活组织检查|腹股沟淋巴结切除术
左乳前哨淋巴结活检术	40.1105	前哨淋巴结活组织检查
左腋下淋巴结切除术	40.2300	腋淋巴结切除术
左侧腹股沟淋巴结切除术	40.2400	腹股沟淋巴结切除术
右大腿淋巴管瘤切除术	40.2900x019	肢体淋巴管瘤(囊肿)切除术
颈侧淋巴结切除术	40.2900x021	颈淋巴结切除术
淋巴结切除术	40.2900x022	淋巴结切除术
左侧锁骨上淋巴结切除术	40.2901	锁骨上淋巴结切除术
淋巴结区域性切除术	40.3x00x002	淋巴结区域性切除术
颈淋巴结清扫术	40.4000	根治性颈淋巴结清扫
左颈择区性淋巴结清扫术	40.4100	根治性颈淋巴结清扫，单侧
左侧颈淋巴结清扫术	40.4100	根治性颈淋巴结清扫，单侧
右颈择区性颈淋巴结清扫术	40.4100	根治性颈淋巴结清扫，单侧
左上半颈淋巴结清扫术	40.4100	根治性颈淋巴结清扫，单侧
双侧颈部淋巴结清扫术	40.4200	根治性颈淋巴结清扫，双侧
腋窝淋巴结清扫术	40.5100	腋下淋巴结根治性切除术
右侧腋窝淋巴结廓清术	40.5100	腋下淋巴结根治性切除术
右腋窝淋巴结清扫	40.5100	腋下淋巴结根治性切除术
左腹股沟淋巴结清扫术	40.5400x001	腹股沟淋巴结清扫术
胸腔镜经右胸胸导管结扎术	40.6401	胸腔镜胸导管结扎术
胸导管粘连松解术	40.6900	胸导管其他手术
胸导管狭窄扩张术	40.6900x003	胸导管狭窄扩张术
CT引导下腹膜后转移淋巴结局部微波消融术	40.9x00	淋巴结构其他手术
右上肢LVA术	40.9x09	淋巴管静脉吻合术
腹腔镜下脾囊肿开窗术	41.2x04	腹腔镜脾囊肿开窗术
全脾切除术	41.5x00	全脾切除术
腹腔镜下脾切除术。	41.5x01	腹腔镜全脾切除术
腹腔镜脾切除	41.5x01	腹腔镜全脾切除术
食管切开异物取出术	42.0901	食管切开异物取出术
食道镜检术	42.2300x001	食管镜检查
食管ESD	42.3305	内镜食管黏膜下剥离术
内镜下食道静脉曲张套扎治疗。	42.3307	内镜食管静脉曲张结扎术
食道曲张静脉套扎术	42.3307	内镜食管静脉曲张结扎术
重度食管静脉曲张套扎治疗	42.3307	内镜食管静脉曲张结扎术
食管静脉曲张硬化剂治疗	42.3308	内镜食管静脉曲张硬化剂注射术
右侧胸腔镜下食管平滑肌瘤切除术	42.3311	胸腔镜食管病损切除术
VATS辅助食管病损切除术	42.3311	胸腔镜食管病损切除术
经左胸后外侧食管癌切除，食管-胃弓下吻合术	42.5202	食管胃弓下吻合术
食管下段肌层切开术	42.7x00	食管肌层切开术
贲门肌层切开术	42.7x00x001	食管贲门肌层切开术
食管支架置放术	42.8100	食管置入永久性管
食道狭窄扩张术	42.9200	食管扩张术
胃食管吻合口扩张术	42.9200	食管扩张术
DSA下食管球囊扩张	42.9200	食管扩张术
胃镜下食管吻合口狭窄扩张术	42.9202	内镜下食管扩张术
胃镜下食管扩张术	42.9202	内镜下食管扩张术
(胃镜)胃镜下胃病损电切术	43.4100x013	胃镜下胃病损电切术
(胃镜)内镜胃黏膜下剥离术（ESD）	43.4107	内镜下胃黏膜下剥离术[ESD]
内镜下胃粘膜切除术	43.4108	内镜下胃黏膜切除术[EMR]
胃体多发息肉EMR术	43.4108	内镜下胃黏膜切除术[EMR]
胃部肿物切除术	43.4202	胃病损切除术
腹腔镜下胃病损切除术	43.4203	腹腔镜下胃病损切除术
近端胃大部切除，胃食管吻合术	43.5x00x007	胃近端切除伴食管-胃吻合术
根治性远端胃切除术（毕一式）	43.6x00x006	胃远端切除术伴胃-十二指肠吻合术
根治性远端胃大部切除术+毕Ⅰ式吻合	43.6x00x006	胃远端切除术伴胃-十二指肠吻合术
胃癌根治性远端胃大部切除术（毕-Ⅰ）	43.6x00x006	胃远端切除术伴胃-十二指肠吻合术
根治性远端胃切除术（毕1式）	43.6x00x006	胃远端切除术伴胃-十二指肠吻合术
根治性远端胃切除术（Billroth I 式）	43.6x00x006	胃远端切除术伴胃-十二指肠吻合术
根治性远端胃切除、毕Ⅰ式消化道重建术 D2	43.6x00x006	胃远端切除术伴胃-十二指肠吻合术
远端胃大部切除，毕I式吻合	43.6x00x006	胃远端切除术伴胃-十二指肠吻合术
胃癌根治性远端胃大部切除术（Billroth I式）	43.6x00x006	胃远端切除术伴胃-十二指肠吻合术
胃癌根治术(毕Ⅰ式吻合)	43.6x01	胃大部切除伴胃十二指肠吻合术
根治性胃大部切除术，毕I式吻合	43.6x01	胃大部切除伴胃十二指肠吻合术
根治性胃大部切除、毕I式吻合术	43.6x01	胃大部切除伴胃十二指肠吻合术
胃癌根治术（毕－Ⅰ）	43.6x01	胃大部切除伴胃十二指肠吻合术
腹腔镜辅助远端胃癌根治术（毕I式吻合）	43.6x02	腹腔镜胃大部切除伴胃十二指肠吻合术
腹腔镜下远端胃癌切除＋毕Ⅰ式消化道重建	43.6x02	腹腔镜胃大部切除伴胃十二指肠吻合术
根治性远端胃大部切除术（毕－Ⅱ）	43.7x00x001	胃大部切除伴胃-空肠吻合术[Billroth Ⅱ式手术]
胃癌姑息性远端胃大部切除术（毕-Ⅱ）	43.7x00x001	胃大部切除伴胃-空肠吻合术[Billroth Ⅱ式手术]
根治性远端胃大部切除术（毕－I）	43.7x00x001	胃大部切除伴胃-空肠吻合术[Billroth Ⅱ式手术]
根治性远端胃切除术（毕II式）	43.7x00x001	胃大部切除伴胃-空肠吻合术[Billroth Ⅱ式手术]
根治性远端胃次全切除术（毕II,D2）	43.7x00x001	胃大部切除伴胃-空肠吻合术[Billroth Ⅱ式手术]
姑息性胃大部切除术 毕II式吻合术	43.7x00x001	胃大部切除伴胃-空肠吻合术[Billroth Ⅱ式手术]
远端胃MT根治术，毕II式吻合	43.7x00x001	胃大部切除伴胃-空肠吻合术[Billroth Ⅱ式手术]
腹腔镜辅助下根治性远端胃大部切除术（毕II式，D2）	43.7x03	腹腔镜胃大部切除伴胃空肠吻合术
腹腔镜下根治性远端胃大部切除术	43.8201	腹腔镜胃部分切除术
腹腔镜辅助下胃部分切除术	43.8201	腹腔镜胃部分切除术
腹腔镜胃局部切除术	43.8201	腹腔镜胃部分切除术
腹腔镜下近端胃切除术	43.8201	腹腔镜胃部分切除术
腹腔镜下根治性胃远端切除术(uncut吻合)	43.8201	腹腔镜胃部分切除术
腹腔镜辅助胃部分切除	43.8201	腹腔镜胃部分切除术
胃癌根治近端胃大部切除术	43.8901	胃部分切除术
胃袖状切除术	43.8903	胃袖状切除术
腹腔镜根治性全胃切除术	43.9900x003	腹腔镜下胃切除术
腹腔镜下胃切除术(根治性全胃切除术)	43.9900x003	腹腔镜下胃切除术
腹腔镜下姑息性全胃切除术	43.9900x003	腹腔镜下胃切除术
腹腔镜下胃切除术	43.9900x003	腹腔镜下胃切除术
腹腔镜下全胃切除伴食管-空肠吻合术	43.9905	腹腔镜辅助全胃切除伴食管-空肠吻合术
腹腔镜胃空肠吻合术	44.3801	腹腔镜下胃空肠吻合术
腹腔镜下胃转流术（LRYGB)	44.3804	腹腔镜下胃转流术（LRYGB)
胃肠吻合	44.3900	其他胃肠吻合术
腹腔镜胃溃疡穿孔修补术	44.4102	腹腔镜胃溃疡穿孔修补术
经皮胃左动脉栓塞术	44.4400x004	胃动脉栓塞术
经口内镜下贲门缩窄术	44.6500	食管胃成形术
腹腔镜下胃底折叠术	44.6701	腹腔镜胃底折叠术
腹腔镜下胃溃疡修补术	44.6902	腹腔镜胃修补术
小肠占位切除术	45.3301	小肠病损切除术
结肠息肉粘膜切除术	45.4101	结肠病损切除术
回盲部肿块切除术	45.4101	结肠病损切除术
横结肠病损切除术	45.4102	横结肠病损切除术
电子肠镜下结肠息肉切除术	45.4200	内镜下大肠息肉切除术
电子内镜下结肠息肉切除术	45.4200	内镜下大肠息肉切除术
结肠镜结肠息肉切除术	45.4200	内镜下大肠息肉切除术
纤微结肠镜结肠息肉切除术	45.4200x003	纤维结肠镜下结肠息肉切除术
降结肠息肉EMR术	45.4300x010	内镜下结肠黏膜切除术(EMR)
结肠息肉EMR	45.4300x010	内镜下结肠黏膜切除术(EMR)
小肠大部切除术	45.6201	小肠部分切除术
腹腔镜小肠肠段切除术	45.6208	腹腔镜下小肠部分切除术
腹腔镜辅助下回盲部切除术	45.7200	开放性和其他盲肠切除术
[根治性右半结肠切除术]	45.7302	右半结肠根治性切除术
腹腔镜下全结肠切除术	45.8100	腹腔镜腹内全结肠切除术
横结肠回肠侧侧吻合术	45.9301	回肠-横结肠吻合术
乙状结肠双腔造口术	46.1000	结肠造口术
乙状结肠双腔造瘘	46.1000	结肠造口术
腹腔镜乙状结肠造瘘术	46.1000x007	腹腔镜下结肠造口术
横结肠永久性造口术	46.1300	永久性结肠造口术
横结肠造瘘开放术	46.3900	其他肠造口术
回肠关瘘术	46.5101	回肠造口闭合术
回肠造瘘关闭术	46.5101	回肠造口闭合术
结肠造口还纳术	46.5200x006	结肠造口还纳术
横结肠双腔造瘘还纳术	46.5200x011	横结肠造口还纳术
结肠闭瘘术	46.5202	结肠造口闭合术
乙状结肠造瘘闭瘘术	46.5203	乙状结肠造口闭合术
横结肠造口关闭术	46.5204	横结肠造口闭合术
横结肠造瘘关闭术	46.5204	横结肠造口闭合术
横结肠造瘘关闭术。	46.5204	横结肠造口闭合术
肠修补术	46.7900	肠的其他修补术
全大肠切除术	46.9900	肠的其他手术
肠镜检查术	46.9900	肠的其他手术
肠道支架成形术	46.9900	肠的其他手术
肠EMR术	46.9900	肠的其他手术
(腹腔镜)腹腔镜下阑尾切除术(47.0101)	47.0100	腹腔镜下阑尾切除术
经腹腔镜下阑尾切除术	47.0100	腹腔镜下阑尾切除术
直肠息肉电凝电切术	48.3201	直肠病损电切术
直肠肿物局部切除术	48.3501	直肠病损切除术
经肛直肠绒毛状腺瘤切除术	48.3502	经肛门直肠病损切除术
经肛直肠肿块切除术	48.3502	经肛门直肠病损切除术
吻合器经肛直肠息肉切除术	48.3502	经肛门直肠病损切除术
直肠肿物内镜下切除术	48.3508	内镜下直肠病损切除术
直肠息肉，EMR	48.3510	内镜下直肠黏膜切除术(EMR)
直肠息肉EMR术	48.3510	内镜下直肠黏膜切除术(EMR)
直肠息肉摘除术	48.3601	直肠息肉切除术
经肛门直肠舟状窝瘘修补术	48.7300	其他直肠瘘修补术
直肠会阴瘘修补术	48.7301	会阴直肠瘘修补术
吻合器经肛直肠前突修补术	48.7900	直肠其他修补术
直肠脱垂点状瘢痕结扎术	48.9900	直肠和直肠周围组织的其他手术
肛周脓肿切开挂线引流术	48.9900x001	复杂性高位肛周脓肿切开引流原发病灶清除挂线术
肛门周围脓肿切开引流术。	49.0100x004	肛周脓肿切开引流术
肛周脓肿引流术	49.0100x004	肛周脓肿切开引流术
肛周赘生物切除术	49.0300	肛周皮赘切除术
肛周窦道切除术	49.0400x009	肛周病损切除术
复杂性肛瘘切开术	49.1100	肛门瘘管切开术
复杂性肛瘘切开引流术	49.1100	肛门瘘管切开术
高位肛瘘切除术	49.1200	肛门瘘管切除术
“高位肛瘘切除术”	49.1200	肛门瘘管切除术
肛裂注射术	49.3900	肛门病损或组织的其他局部切除术或破坏术
肛裂切除术	49.3901	肛裂切除术
血栓外痔切除术	49.4700	血栓性痔清除术
血栓性外痔切除术	49.4700	血栓性痔清除术
吻合器痔上粘膜环状切除术（PPH）。	49.4900x003	吻合器痔上黏膜环切术
吻合器痔上粘膜切除术（PPH）	49.4900x003	吻合器痔上黏膜环切术
痔PPH切除术	49.4900x003	吻合器痔上黏膜环切术
痔切除术(PPH)	49.4900x003	吻合器痔上黏膜环切术
吻合器直肠粘膜环切术	49.4900x003	吻合器痔上黏膜环切术
痔切除术（PPH）	49.4900x003	吻合器痔上黏膜环切术
TST术	49.4903	开环式微创肛肠吻合器手术
吻合器痔上粘膜部分切除钉合术（TST）	49.4903	开环式微创肛肠吻合器手术
选择性痔上粘膜环切术（TST）	49.4903	开环式微创肛肠吻合器手术
肛瘘去挂线切除术	49.7301	肛瘘挂线术
股薄肌移位肛门外括约肌重建术	49.7902	肛门括约肌成形术
股薄肌转移肛门外括约肌成形术	49.7902	肛门括约肌成形术
股薄肌转移肛门外括约肌重建术	49.7902	肛门括约肌成形术
肛门后切成形术	49.7903	肛门成形术
扩肛术	49.9300x003	肛门扩张术
肛瘘切开挂线术后取浮线术	49.9301	肛门挂线去除术
右肝脓肿切开引流术	50.0x01	肝切开引流术
肝囊肿开窗引流术	50.0x01	肝切开引流术
腹腔镜下肝囊肿揭顶引流术	50.0x03	腹腔镜下肝囊肿开窗引流术
经腹腔镜行肝囊肿去顶减压术	50.0x03	腹腔镜下肝囊肿开窗引流术
腹腔镜下肝囊肿开窗引流术。	50.0x03	腹腔镜下肝囊肿开窗引流术
腹腔镜下肝囊肿开窗减压术	50.0x03	腹腔镜下肝囊肿开窗引流术
腹腔镜肝脏囊肿开窗引流术	50.0x03	腹腔镜下肝囊肿开窗引流术
肝穿刺活检术	50.1100x005	经皮肝穿刺活检
肝穿刺活检,经皮	50.1100x005	经皮肝穿刺活检
不规则右半肝切除术	50.2200	部分肝切除术
肝III段部分切除术	50.2200	部分肝切除术
肝部分切除术	50.2200	部分肝切除术
特殊肝段切除术（VI、VII段）	50.2200	部分肝切除术
肝左叶特殊肝段切除术（III）	50.2200x004	肝Ⅲ段切除术
特殊肝段切除术（VII段）	50.2200x008	肝Ⅶ段切除术
腹腔镜下特殊肝段切除术((50.2201.05))	50.2205	腹腔镜下肝部分切除术
腹腔镜下特殊肝段切除术((50.2908))	50.2205	腹腔镜下肝部分切除术
腹腔镜下肝VI段切除术	50.2205	腹腔镜下肝部分切除术
腹腔镜下右肝部分切除术	50.2205	腹腔镜下肝部分切除术
腹腔镜右肝部分切除术。	50.2205	腹腔镜下肝部分切除术
肝癌冷冻消融术	50.2300	肝病损或组织的直视消融术
肝癌化学消融术	50.2300	肝病损或组织的直视消融术
肝肿瘤微波固化消融术	50.2301	肝病损微波消融术
肝脏射频消融术	50.2302	肝病损射频消融术
经皮肝穿刺微波消融术	50.2400	肝病损或组织的经皮消融术
肝癌经皮穿刺无水乙醇消融术	50.2400	肝病损或组织的经皮消融术
CT引导下经皮穿刺肝癌微波消融术	50.2402	CT引导下肝病损微波消融术
CT引导下肝病损微波消融术	50.2402	CT引导下肝病损微波消融术
超声引导下肝癌微波消融术	50.2403	超声引导下肝病损微波消融术
超声引导下经皮肝穿刺肝病损微波消融术	50.2403	超声引导下肝病损微波消融术
B超引导下经皮穿刺肝脏肿瘤微波消融术	50.2403	超声引导下肝病损微波消融术
B超引导下肝癌射频消融术	50.2404	超声引导下肝病损射频消融术
超声引导下经皮肝肿瘤射频消融术	50.2404	超声引导下肝病损射频消融术
原发性肝癌姑息性HIFU术	50.2906	肝病损超声刀治疗
左肝占位切除术	50.2908	肝病损切除术
肝右后叶血管瘤切除术	50.2908	肝病损切除术
肝包虫切除术	50.2908	肝病损切除术
腹腔镜下左肝血管瘤切除术	50.2909	腹腔镜下肝病损切除术
经腹腔镜肝血管瘤切除术	50.2909	腹腔镜下肝病损切除术
腹腔镜下肝内病灶清除术	50.2909	腹腔镜下肝病损切除术
肝右后叶部分切除术	50.3x03	肝叶部分切除术
肝右叶部分切除术((50.2201.01))	50.3x03	肝叶部分切除术
腹腔镜下左肝外叶切除术。	50.3x05	腹腔镜下肝叶切除术
腹腔镜肝左外叶切除术。	50.3x05	腹腔镜下肝叶切除术
腹腔镜下肝左外叶切除术((50.3001.12))	50.3x05	腹腔镜下肝叶切除术
超声引导下肝脓肿置管引流	50.9102	肝脓肿穿刺引流术
超声引导下肝脓肿穿刺抽脓	50.9102	肝脓肿穿刺引流术
CT引导下肝囊肿穿刺引流	50.9103	肝囊肿穿刺引流术
超声引导下肝囊肿硬化治疗	50.9402	肝囊肿硬化剂注射术
肝囊肿硬化剂注射术	50.9402	肝囊肿硬化剂注射术
肝肿物介入栓塞术	50.9900	肝的其他手术
肝脏穿刺	50.9900	肝的其他手术
超声、DSA引导下肝囊肿穿刺无水酒精硬化术	50.9900|50.9401	肝的其他手术|肝内无水酒精注射术
肝癌放射性粒子置入术	50.9900|92.2700x002	肝的其他手术|放射性粒子置入放射治疗
经皮肝穿刺胆囊引流术	51.0102	经皮经肝胆囊置管引流术
经皮肝胆囊穿刺引流术	51.0102	经皮经肝胆囊置管引流术
局麻下胆道镜取石术	51.0400x008	胆道镜下碎石取石术
内镜逆行胰胆管造影术(ERCP)及其相关技术	51.1000	内镜逆行胰胆管造影[ERCP]
十二指肠镜逆行胰胆管造影（ERCP）及相关技术	51.1000	内镜逆行胰胆管造影[ERCP]
ERCP未成功	51.1000	内镜逆行胰胆管造影[ERCP]
ERCP相关手术	51.1000	内镜逆行胰胆管造影[ERCP]
电视经皮胆道镜下取息肉术	51.2101	胆囊病损切除术
电视经皮胆道镜取息肉术	51.2101	胆囊病损切除术
腹腔镜下胆囊切除术中转开腹	51.2200	胆囊切除术
LC中转开腹胆囊切除术	51.2200	胆囊切除术
腹腔镜中转开腹胆囊切除	51.2200	胆囊切除术
急诊胆囊切除术	51.2200	胆囊切除术
腹腔镜转开腹胆囊切除术	51.2200	胆囊切除术
腹腔镜胆囊切除术。	51.2300	腹腔镜下胆囊切除术
腹腔镜胆囊切除术原手术切口:{无} 部位:{} 原	51.2300	腹腔镜下胆囊切除术
腹腔镜胆囊切除术原手术切口:{有无} 部位:{} 原	51.2300	腹腔镜下胆囊切除术
腹腔镜下经脾胆道镜取息肉术	51.2401	腹腔镜下胆囊病损切除术
胆道粒子支架植入术	51.4304|92.2700x002	胆管支架置入术|放射性粒子置入放射治疗
胆道粒子支架置入术	51.4304|92.2700x002	胆管支架置入术|放射性粒子置入放射治疗
超声引导下DSA下经皮肝穿胆道外引流术	51.5900x001	超声引导下胆管穿刺引流术
经皮彩超引导下PTCD术。	51.5900x001	超声引导下胆管穿刺引流术
经T管窦道胆道镜下胆管异物取出术	51.5900x009	内镜下胆道异物去除术
内镜下鼻胆管外引流术	51.8600x002	内镜下鼻胆管引流术
腹腔镜下经皮胆道镜取石术	51.8805	腹腔镜-胆道镜联合探查取石术
经T管窦道胆道镜检取石术	51.9601	经T管胆道镜下胆总管取石术
经窦道胆道镜取石	51.9800x005	经皮胆道镜下取石术
经皮肝穿胆管引流术	51.9800x009	经皮胆管引流术
经皮肝胆管穿刺置管引流术	51.9800x009	经皮胆管引流术
CT导引经皮胆管穿刺引流术	51.9800x009	经皮胆管引流术
经皮肝内胆管穿刺置管引流术	51.9800x013	经皮肝穿刺肝胆管引流术
术后胆道镜经T管胆管探查术((87.5401.01))	51.9809	经T管胆道镜检查
胰腺肿物切除术	52.2201	胰腺病损切除术
胰腺囊肿内引流术	52.4x00	胰囊肿内引流术
胰头十二指肠切除术（Whipple）	52.5103	胰头十二指肠切除术
保留幽门胰十二指肠切除术。	52.7x00	根治性胰十二指肠切除术
Whipple术	52.7x00	根治性胰十二指肠切除术
开腹胰十二指肠切除术（胰胃吻合）	52.7x00	根治性胰十二指肠切除术
惠普尔氏术[根治性胰十二指肠切除术]	52.7x00	根治性胰十二指肠切除术
经皮胰腺肿瘤放射性粒子植入术	52.9900|92.2700x002	胰腺其他手术|放射性粒子置入放射治疗
右侧腹股沟疝囊高位结扎术	53.0001	单侧腹股沟疝修补术
腹股沟疝修补术,单侧	53.0001	单侧腹股沟疝修补术
右腹股沟嵌顿疝复位修补术	53.0001	单侧腹股沟疝修补术
右侧腹股沟疝高位结扎修补术	53.0001	单侧腹股沟疝修补术
右侧腹股沟嵌顿疝修补术	53.0001	单侧腹股沟疝修补术
右腹股沟疝前入路Kugel修补术	53.0001	单侧腹股沟疝修补术
左侧腹股沟疝修补术（巴西尼法）	53.0001	单侧腹股沟疝修补术
腹腔镜下左腹股沟疝修补术	53.0002	腹腔镜下单侧腹股沟疝修补术
腹腔镜下右侧腹股沟疝疝囊高位结扎术。	53.0002	腹腔镜下单侧腹股沟疝修补术
腹腔镜右侧腹股沟疝囊高位结扎术	53.0002	腹腔镜下单侧腹股沟疝修补术
右侧腹股沟直疝修补术	53.0101	单侧腹股沟直疝修补术
右腹股沟斜疝修补术	53.0201	单侧腹股沟斜疝修补术
左侧单侧腹股沟斜疝修补术	53.0201	单侧腹股沟斜疝修补术
左侧斜疝修补术	53.0201	单侧腹股沟斜疝修补术
左侧腹股沟斜疝前入路Kugel修补术	53.0201	单侧腹股沟斜疝修补术
右单侧腹股沟斜疝疝囊高位结扎术	53.0202	单侧腹股沟斜疝疝囊高位结扎术
右腹股沟斜疝疝囊高位结扎术	53.0202	单侧腹股沟斜疝疝囊高位结扎术
右侧斜疝高位结扎术	53.0202	单侧腹股沟斜疝疝囊高位结扎术
右腹股沟斜疝高位结扎术	53.0202	单侧腹股沟斜疝疝囊高位结扎术
单侧腹股沟斜疝疝囊高位结扎术(左侧)	53.0202	单侧腹股沟斜疝疝囊高位结扎术
右侧腹股沟斜疝疝囊高位结扎术.	53.0202	单侧腹股沟斜疝疝囊高位结扎术
腹腔镜下腹股沟斜疝修补术,单侧	53.0203	腹腔镜下单侧腹股沟斜疝修补术
腹腔镜右腹股沟斜疝疝囊高位结扎术}	53.0204	腹腔镜下单侧腹股沟斜疝疝囊高位结扎术
腹腔镜下右侧腹股沟斜疝疝囊高位结扎术。	53.0204	腹腔镜下单侧腹股沟斜疝疝囊高位结扎术
腹腔镜右侧斜疝疝囊高位结扎术	53.0204	腹腔镜下单侧腹股沟斜疝疝囊高位结扎术
腹腔镜下右侧腹股沟斜疝高位结扎术	53.0204	腹腔镜下单侧腹股沟斜疝疝囊高位结扎术
腹腔镜下左斜疝疝囊高位结扎术	53.0204	腹腔镜下单侧腹股沟斜疝疝囊高位结扎术
腹腔镜左侧斜疝疝囊高位结扎术	53.0204	腹腔镜下单侧腹股沟斜疝疝囊高位结扎术
腹腔镜左侧腹股沟斜疝高位结扎修补术	53.0204	腹腔镜下单侧腹股沟斜疝疝囊高位结扎术
右侧腹股沟直疝无张力修补术	53.0302	单侧腹股沟直疝无张力修补术
右侧腹股沟 直 疝无张力修补术	53.0302	单侧腹股沟直疝无张力修补术
右单侧腹股沟斜疝无张力修补术	53.0401	单侧腹股沟斜疝无张力修补术
右斜疝无张力修补术（Lichtenstein）	53.0401	单侧腹股沟斜疝无张力修补术
腹股沟斜疝无张力修补术（右）	53.0401	单侧腹股沟斜疝无张力修补术
开放左侧腹股沟斜疝充填式修补术（COOK生物补片）	53.0401	单侧腹股沟斜疝无张力修补术
开放左侧腹股沟斜疝充填式无张力修补术（科惠自粘连补片 TEM1208G）	53.0401	单侧腹股沟斜疝无张力修补术
右斜疝无张力修补术（改良kugel）	53.0401	单侧腹股沟斜疝无张力修补术
(右侧)腹股沟疝补片修补术((53.0501))	53.0501	单侧腹股沟疝无张力修补术
右腹股沟疝补片修补术	53.0501	单侧腹股沟疝无张力修补术
右单侧腹股沟疝无张力修补术	53.0501	单侧腹股沟疝无张力修补术
单侧腹股沟疝无张力修补术（左侧）	53.0501	单侧腹股沟疝无张力修补术
右单侧腹股沟疝无张力修补术(前路KUGEL)	53.0501	单侧腹股沟疝无张力修补术
右侧单侧腹股沟疝无张力修补术（Kugel补片）	53.0501	单侧腹股沟疝无张力修补术
右侧腹股沟复发性疝无张力修补术	53.0501	单侧腹股沟疝无张力修补术
右侧腹股沟疝无张力成形术（平片法）	53.0501	单侧腹股沟疝无张力修补术
腹腔镜双侧斜疝疝囊高位结扎术	53.1203	腹腔镜下双侧腹股沟斜疝修补术
双侧腹股沟斜疝补片修补术	53.1501	双侧腹股沟斜疝无张力修补
双侧腹股沟斜疝无张力修补术	53.1501	双侧腹股沟斜疝无张力修补
腹腔镜下左侧股疝无张力修补术	53.2100	用移植物或假体的单侧股疝修补术
左股疝无张力修补术	53.2101	单侧股疝无张力修补术
腹腔镜下脐疝补片无张力修补术	53.4201	腹腔镜下脐疝无张力修补术
腹腔镜下脐疝无张力修补术	53.4201	腹腔镜下脐疝无张力修补术
腹壁切口疝修补术。	53.5100	切口疝修补术
腹壁切口疝修补术	53.5100	切口疝修补术
腹腔镜腹壁疝修补术	53.5902	腹腔镜下腹壁疝修补术
腹壁切口疝无张力修补术。	53.6101	腹壁切口疝无张力修补术
腹壁疝补片修补术	53.6901	腹壁疝无张力修补术
膈肌折叠术	53.8100x001	膈肌折叠术
经腹腔镜行腹壁造口旁疝补片修补术	53.9x00	其他疝修补术
腹腔镜下双侧疝囊高位结扎术	53.9x00	其他疝修补术
腹腔镜下疝修补术	53.9x00	其他疝修补术
食管裂孔疝修补术	53.9x00	其他疝修补术
腹腔镜左疝囊高位结扎术	53.9x00	其他疝修补术
腹腔镜下右侧疝囊高位结扎术	53.9x00	其他疝修补术
腰疝补片修补术	53.9x02	腰疝修补术
腹壁脓肿切开引流术	54.0x00x004	腹壁脓肿切开引流术
剖腹探查术((54.1101))	54.1100	开腹探查术
胃体癌（晚期）开腹探查术	54.1100	开腹探查术
腹壁转移瘤冷冻消融术	54.3x00	腹壁或脐病损或组织的切除术或破坏术
腹壁肿物切除	54.3x01	腹壁病损切除术
左侧腹壁肿块切除术	54.3x01	腹壁病损切除术
腹壁子宫内膜异位病灶切除术。	54.3x01	腹壁病损切除术
右下腹壁脂肪瘤切除术	54.3x01	腹壁病损切除术
右侧腹股沟肿物切除术	54.3x03	腹股沟病损切除术
左侧腹股沟肿物扩大切除术	54.3x03	腹股沟病损切除术
腹股沟肿物切除术	54.3x03	腹股沟病损切除术
腹壁窦道清创术	54.3x06	腹壁清创术
盆腔肿物切除术	54.4x00x035	盆腔病损切除术
盆腔包块切除术	54.4x00x035	盆腔病损切除术
盆腔占位切除术	54.4x00x035	盆腔病损切除术
腹腔镜经肛门全直肠系膜切除术	54.4x00x050	腹腔镜下直肠全系膜切除术[TME]
腹膜后肿块切除术	54.4x02	腹膜后病损切除术
左侧腹膜后肿物切除术	54.4x02	腹膜后病损切除术
腹腔镜下腹膜后病损切除术(右侧)	54.4x15	腹腔镜下腹膜后病损切除术
腹腔镜下盆腔粘连分离术	54.5100x009	腹腔镜下盆腔粘连松解术
腹部切口二期缝合术	54.6300	其他腹壁缝合术
超声引导下腹腔积液置管引流术	54.9101	腹腔穿刺引流术
腹腔脓肿穿刺引流术	54.9101	腹腔穿刺引流术
CT导引经皮肝周积液穿刺引流术	54.9101	腹腔穿刺引流术
CT引导下肝周积液穿刺引流术	54.9101	腹腔穿刺引流术
腹腔药物注入术	54.9702	腹腔穿刺药物注射
B超引导下床旁带cuff腹膜透析置管术	54.9801	腹膜透析管置入术
腹膜透析置管术。	54.9801	腹膜透析管置入术
腹透管植入术	54.9801	腹膜透析管置入术
局麻下腹透管置入术	54.9801	腹膜透析管置入术
腹膜透析置管	54.9801	腹膜透析管置入术
CT引导下腹膜后转移癌I-125粒子植入术。	54.9900|92.2001	腹部的其他手术|碘-125放射性同位素近距离治疗
腹腔镜下盆腔囊肿切除术	54.9900x010	腹腔镜下盆腔病损切除术
腹腔镜辅助腹腔肿物切除术	54.9904	腹腔镜下腹腔病损切除术
左侧肾囊肿去顶术	55.0105	肾囊肿去顶术
右侧多囊肾囊肿去顶减压术	55.0105	肾囊肿去顶术
多囊肾右肾囊肿去顶减压术	55.0105	肾囊肿去顶术
腹腔镜右肾囊肿去顶减压术	55.0106	腹腔镜下肾囊肿去顶术
腹腔镜下左肾囊肿去顶术	55.0106	腹腔镜下肾囊肿去顶术
后腹腔镜左肾囊肿去顶术	55.0106	腹腔镜下肾囊肿去顶术
右侧后腹腔镜肾囊肿去顶减压术	55.0106	腹腔镜下肾囊肿去顶术
后腹腔镜肾囊肿去顶减压术（右侧）	55.0106	腹腔镜下肾囊肿去顶术
腹腔镜下左肾囊肿造口（开窗）术	55.0106	腹腔镜下肾囊肿去顶术
腹腔镜下右肾囊肿造口（开窗）术	55.0106	腹腔镜下肾囊肿去顶术
后腹腔镜下左肾囊肿去顶减压	55.0106	腹腔镜下肾囊肿去顶术
腹膜后镜左肾囊肿开窗去顶术	55.0106	腹腔镜下肾囊肿去顶术
单孔腹腔镜下右肾囊肿去顶术	55.0106	腹腔镜下肾囊肿去顶术
腹膜后镜下左肾囊肿去顶术	55.0106	腹腔镜下肾囊肿去顶术
后腹腔镜下双肾囊肿去顶术	55.0106	腹腔镜下肾囊肿去顶术
后腹腔镜下左肾实质切开取石术	55.0111	腹腔镜下肾切开取石术
双侧经皮肾穿刺造瘘术。	55.0300x005	经皮肾造口术
B超引导下双侧经皮肾穿刺造瘘术	55.0300x005	经皮肾造口术
经皮肾镜右肾结石碎石术	55.0402	经皮肾镜碎石术（PCNL）
二期经皮肾镜右肾结石碎石术	55.0402	经皮肾镜碎石术（PCNL）
左侧PCNL术	55.0402	经皮肾镜碎石术（PCNL）
左侧PCNL	55.0402	经皮肾镜碎石术（PCNL）
右侧PCNL术	55.0402	经皮肾镜碎石术（PCNL）
右侧PCNL（联合体位)	55.0402	经皮肾镜碎石术（PCNL）
PCNL（左）	55.0402	经皮肾镜碎石术（PCNL）
经皮肾镜钬激光碎石术（左）	55.0404	经皮肾镜激光碎石术
经皮肾镜输尿管结石激光碎石术	55.0404	经皮肾镜激光碎石术
右肾窦内肾盂切开取石	55.1101	肾盂切开取石术
右肾盂切开取石	55.1101	肾盂切开取石术
后腹腔镜下左肾盂旁囊肿去顶术	55.1108	腹腔镜下肾盂旁囊肿去顶术
后腹腔镜右肾盂切开取石术	55.1109	腹腔镜下肾盂切开取石术
经皮肾镜术	55.2101	经皮肾镜检查术
B超引导下肾穿刺活组织检查	55.2300x001	超声引导下肾穿刺活检
经皮右肾肿瘤射频消融术	55.3200x001	肾病损射频消融术
腹腔镜右肾错构瘤剜除术	55.3401	腹腔镜下肾病损切除术
(腹腔镜右侧)腹腔镜下肾囊肿切除术	55.3401	腹腔镜下肾病损切除术
左肾错构瘤切除术	55.3900x003	肾病损切除术
经腰右肾错构瘤核除术	55.3900x003	肾病损切除术
右侧肾部分切除术	55.4x00	部分肾切除术
左侧保留肾单位肾部分切除术	55.4x00	部分肾切除术
腹腔镜左侧肾部分切除术（腹膜后入路）	55.4x03	腹腔镜下肾部分切除术
腹腔镜下肾部分切除术（左）	55.4x03	腹腔镜下肾部分切除术
后腹腔镜下右肾部分切除术。	55.4x03	腹腔镜下肾部分切除术
右侧后腹腔镜下肾部分切除术	55.4x03	腹腔镜下肾部分切除术
后腹腔镜右肾部分切除术。	55.4x03	腹腔镜下肾部分切除术
后腹腔镜下右侧肾部分切除术	55.4x03	腹腔镜下肾部分切除术
左重复肾重复输尿管切除术	55.5100	肾输尿管切除术
肾输尿管切除术	55.5100	肾输尿管切除术
经腹右肾切除术	55.5101	单侧肾切除术
右侧无功能肾切除术	55.5101	单侧肾切除术
左重复肾切除术	55.5101	单侧肾切除术
腹腔镜左侧无功能肾切除术	55.5103	腹腔镜下单侧肾切除术
腹腔镜右侧无功能肾切除术	55.5103	腹腔镜下单侧肾切除术
腹膜后镜左肾切除术	55.5103	腹腔镜下单侧肾切除术
腹腔镜肾切除术	55.5103	腹腔镜下单侧肾切除术
腹腔镜下单侧肾切除术(左肾)	55.5103	腹腔镜下单侧肾切除术
腹腔镜下左肾输尿管全切术	55.5104	腹腔镜下单侧肾输尿管切除术
后腹腔镜下左肾输尿管部分膀胱切除术	55.5104|57.6x06	腹腔镜下单侧肾输尿管切除术|腹腔镜下膀胱部分切除术
异体肾移植术(55.6901)	55.6901	肾异体移植术
左侧肾盂成形术	55.8701	肾盂成形术
离断式左肾盂输尿管成形术	55.8702	肾盂输尿管成形术
腹腔镜左侧UPJ离断成形术	55.8703	腹腔镜下肾盂输尿管成形术
腹腔镜下肾盂成形术（右）	55.8704	腹腔镜下肾盂成形术
腹腔镜肾盂成形术	55.8704	腹腔镜下肾盂成形术
腹腔镜下左肾盂成型术	55.8704	腹腔镜下肾盂成形术
后腹腔镜下左肾盂成形术	55.8704	腹腔镜下肾盂成形术
腹腔镜下左肾盂成形	55.8704	腹腔镜下肾盂成形术
经皮肾穿刺引流术	55.9201	肾穿刺引流术
经皮肾囊肿抽吸术	55.9206	经皮肾囊肿抽吸术
左肾蒂淋巴管结扎术	55.9900	肾的其他手术
经尿道右侧输尿管镜碎石术	56.0x02	经尿道输尿管/肾盂取石术
右输尿管软镜碎石术	56.0x02	经尿道输尿管/肾盂取石术
输尿管镜左输尿管下段结石碎石术	56.0x02	经尿道输尿管/肾盂取石术
输尿管镜左侧输尿管下段结石碎石术	56.0x02	经尿道输尿管/肾盂取石术
输尿管镜右输尿管碎石术	56.0x02	经尿道输尿管/肾盂取石术
经输尿管镜取石术	56.0x02	经尿道输尿管/肾盂取石术
经尿道输尿管/肾盂取石术	56.0x02	经尿道输尿管/肾盂取石术
输尿管镜钬激光碎石	56.0x03	经尿道输尿管/肾盂激光碎石术
输尿管镜左输尿管结石钬激光碎石术	56.0x03	经尿道输尿管/肾盂激光碎石术
输尿管镜激光碎石术	56.0x03	经尿道输尿管/肾盂激光碎石术
输尿管镜下钬激光碎石术（右）	56.0x03	经尿道输尿管/肾盂激光碎石术
经尿道输尿管镜激光碎石术(右侧）	56.0x03	经尿道输尿管/肾盂激光碎石术
右经尿道输尿管镜激光碎石术	56.0x03	经尿道输尿管/肾盂激光碎石术
(输尿管（或尿道）镜左侧)输尿管镜下钬激光碎石术(56.0006)	56.0x03	经尿道输尿管/肾盂激光碎石术
双侧输尿管镜气压弹道碎石术	56.0x04	经尿道输尿管/肾盂气压弹道碎石术
经尿道输尿管/肾盂激光碎石取石术	56.0x06	经尿道输尿管/肾盂激光碎石取石术
左侧输尿管切开取石术	56.2x01	输尿管切开取石术
双侧输尿管切开取石术	56.2x01	输尿管切开取石术
后腹腔镜下左输尿管切开取石术	56.2x04	腹腔镜下输尿管切开取石术
(腹腔镜左侧)腹腔镜下输尿管切开取石术((56.2004))	56.2x04	腹腔镜下输尿管切开取石术
腹腔镜右侧输尿管上段切开取石术	56.2x04	腹腔镜下输尿管切开取石术
腹腔镜右输尿管切开取石	56.2x04	腹腔镜下输尿管切开取石术
经尿道右侧输尿管镜检查	56.3100	输尿管镜检查
输尿管镜探查术	56.3100	输尿管镜检查
经尿道输尿管活组织检查	56.3200	闭合性经皮输尿管活组织检查
经尿道输尿管囊肿切除术	56.4101	输尿管病损切除术
右输尿管膀胱再植术	56.7400	输尿管膀胱吻合术
右侧输尿管膀胱再吻合术	56.7400	输尿管膀胱吻合术
左侧输尿管膀胱再植术	56.7400	输尿管膀胱吻合术
输尿管膀胱吻合术	56.7400	输尿管膀胱吻合术
腹腔镜下左侧输尿管膀胱再植术	56.7402	腹腔镜下输尿管膀胱吻合术
经尿道膀胱结石取石术	57.0x03	经尿道膀胱取石术
经尿道膀胱取石术	57.0x03	经尿道膀胱取石术
经尿道电子膀胱镜检查	57.3200x001	膀胱镜检查
经尿道膀胱活组织检查	57.3300	闭合性[经尿道]膀胱活组织检查
TURbt	57.4900x001	经尿道膀胱病损电切术
经尿道膀胱镜膀胱肿瘤电切术	57.4900x001	经尿道膀胱病损电切术
膀胱镜下膀胱肿瘤电切术	57.4900x001	经尿道膀胱病损电切术
经尿道膀胱粘膜白斑电切术	57.4900x001	经尿道膀胱病损电切术
经尿道膀胱癌气化电切术。	57.4900x001	经尿道膀胱病损电切术
经尿管膀胱肿瘤电切	57.4900x001	经尿道膀胱病损电切术
经尿道膀胱肿瘤电切术	57.4900x001	经尿道膀胱病损电切术
经尿道膀胱肿瘤切除术（TURBT）	57.4900x001	经尿道膀胱病损电切术
经尿道膀胱新生物电切术	57.4900x001	经尿道膀胱病损电切术
经尿道离子束刀膀胱肿物切除术	57.4901	经尿道膀胱病损切除术
经尿道膀胱肿瘤整块切除术	57.4901	经尿道膀胱病损切除术
经尿道膀胱颈电切术	57.4902	经尿道膀胱颈电切术
(膀胱镜)膀胱部分切除术((57.6001))	57.4904	经尿道膀胱部分切除术
腹腔镜下脐尿管囊肿切除术	57.5100x003	腹腔镜下脐尿管病损切除术
经尿道膀胱粘膜电灼术	57.5906	膀胱病损电灼术
膀胱部分切除术	57.6x00	部分膀胱切除术
膀胱功能重建	57.8700	膀胱重建术
膀胱破裂修补术	57.8900x001	膀胱修补术
尿道冷刀切开	58.0x00	尿道切开术
经尿道尿道肿物电切术	58.3101	经尿道尿道病损电切术
经尿道尿道肿瘤电切术	58.3101	经尿道尿道病损电切术
前尿道切除术	58.3904	尿道部分切除术
尿道口脓肿切除术	58.3906	尿道口病损切除术
尿道口新生物切除术	58.3906	尿道口病损切除术
尿道下裂二期成形术。	58.4502	尿道下裂修补术
尿道下裂I期成形术。	58.4502	尿道下裂修补术
尿道外口成型术	58.4700	尿道口成形术
尿道成形术	58.4901	尿道成形术
尿道狭窄段内切开术	58.5x00x002	经尿道尿道切开术
耻骨后经阴道尿道中段无张力悬吊术	59.5x00	耻骨后尿道悬吊术
经阴道经闭孔无张力尿道中段悬吊术	59.7900	压迫性尿失禁的其他修补术
经阴道、经闭孔无张力尿道中段悬吊术	59.7900	压迫性尿失禁的其他修补术
经闭孔阴道无张力尿道中段悬吊带术(TVT-O)。	59.7903	经阴道闭孔无张力尿道中段悬吊术(TVT-O)
单切口经阴道经闭孔尿道中段无张力吊带悬吊术	59.7904	单切口经阴道闭孔无张力尿道中段悬吊术（TVT-S）
右侧输尿管内双J管置入术	59.8x00	输尿管导管插入术
输尿管双J管置入术	59.8x00	输尿管导管插入术
左输尿管插管术	59.8x00	输尿管导管插入术
双侧输尿管支架管置入术	59.8x00	输尿管导管插入术
双侧DJ管置入术	59.8x00	输尿管导管插入术
右DJ管置入术	59.8x00	输尿管导管插入术
膀胱镜下输尿管支架置入术	59.8x00x004	经尿道膀胱镜输尿管导管插入术
膀胱镜下双侧输尿管DJ管置入术	59.8x00x004	经尿道膀胱镜输尿管导管插入术
膀胱镜下双J管置入术	59.8x00x004	经尿道膀胱镜输尿管导管插入术
右输尿管双J管内引流术	59.8x02	肾导管引流术
左侧输尿管镜下J管置入术	59.8x03	经尿道输尿管支架置入术
经尿道左侧输尿管支架置入术	59.8x03	经尿道输尿管支架置入术
输尿管镜下左侧DJ管置入术	59.8x03	经尿道输尿管支架置入术
经尿道输尿管支架管置入术（右）	59.8x03	经尿道输尿管支架置入术
输尿管镜置管术	59.8x03	经尿道输尿管支架置入术
左侧输尿管镜下DJ管置入术	59.8x03	经尿道输尿管支架置入术
右输尿管镜下支架管留置术	59.8x03	经尿道输尿管支架置入术
经尿道双侧输尿管支架置入术	59.8x03	经尿道输尿管支架置入术
输尿管镜下双侧输尿管置管术	59.8x03	经尿道输尿管支架置入术
左侧输尿管镜D-J管留置	59.8x03	经尿道输尿管支架置入术
后腹腔镜下右侧半尿路切除术	59.9900	泌尿系统其他手术
经尿道右输尿管双J管拔除术	59.9900x002	输尿管支架取出术
输尿管支架管取出术	59.9900x002	输尿管支架取出术
双J管拔除	59.9900x002	输尿管支架取出术
输尿管支架拔除术	59.9900x002	输尿管支架取出术
输尿管镜下双侧双J管置换术	59.9901	输尿管支架置换术
DSA下输尿管支架管置换术	59.9901	输尿管支架置换术
左输尿管支架管置换术	59.9901	输尿管支架置换术
输尿管镜下更换DJ管术	59.9901	输尿管支架置换术
右输尿管支架置换术	59.9901	输尿管支架置换术
右侧输尿管镜D-J管更换术	59.9901	输尿管支架置换术
输尿管镜下更换D-J管术（双）	59.9901	输尿管支架置换术
输尿管支架置换术（双侧）	59.9901	输尿管支架置换术
前列腺针刺活组织检查	60.1100	闭合性[经皮][针吸]前列腺活组织检查
经会阴模板定位下前列腺饱和穿刺术	60.1100x003	经会阴前列腺穿刺活检术
经会阴靶向融合前列腺穿刺活检术	60.1100x003	经会阴前列腺穿刺活检术
经会阴系统前列腺穿刺活检术	60.1100x003	经会阴前列腺穿刺活检术
直肠超声引导下经会阴前列腺穿刺术	60.1100x003	经会阴前列腺穿刺活检术
MRI超声融合引导下经会阴前列腺穿刺活检术	60.1100x003	经会阴前列腺穿刺活检术
经会阴模板定位前列腺饱和穿刺活检术	60.1100x003	经会阴前列腺穿刺活检术
B超引导下经直肠前列腺穿刺活检	60.1101	经直肠前列腺穿刺活组织检查
经直肠B超引导下前列腺针刺活检术	60.1101	经直肠前列腺穿刺活组织检查
B超引导下经直肠前列腺穿刺术。	60.1101	经直肠前列腺穿刺活组织检查
经直肠前列腺穿刺术	60.1101	经直肠前列腺穿刺活组织检查
精囊镜检查	60.1901	精囊镜探查术
经尿道前列腺钬激光剜除术。	60.2100x001	经尿道前列腺激光切除术[TULIP手术]
经尿道前列腺绿激光剜除术。	60.2100x001	经尿道前列腺激光切除术[TULIP手术]
经尿道前列腺激光切除术[TULIP手术](红激光剜除+等离子创面修复+组织粉碎器粉碎)	60.2100x001	经尿道前列腺激光切除术[TULIP手术]
经尿道前列腺激光电切术	60.2100x001	经尿道前列腺激光切除术[TULIP手术]
TULIP	60.2100x001	经尿道前列腺激光切除术[TULIP手术]
前列腺选择性光汽化术。	60.2900x003	经尿道前列腺绿激光汽化术(PVP)
经尿道离子束刀前列腺电切术	60.2902	经尿道前列腺切除术（TURP）
经尿道离子束到前列腺切除术	60.2902	经尿道前列腺切除术（TURP）
经尿道前列腺切除术[TURP手术](等离子剜除法)	60.2902	经尿道前列腺切除术（TURP）
经尿道电切镜下前列腺电切术	60.2902	经尿道前列腺切除术（TURP）
前列腺电切术	60.2902	经尿道前列腺切除术（TURP）
前列腺根治性切除术(60.5001)	60.5x00	根治性前列腺切除术
经尿道前列腺水囊扩张术	60.9500x001	经尿道前列腺球囊扩张术
左侧鞘膜积液切除术	61.2x00	睾丸鞘膜积液切除术
右睾丸鞘膜积液切除术	61.2x00	睾丸鞘膜积液切除术
左睾丸鞘膜切除翻转术	61.2x02|61.4904	睾丸鞘膜切除术|睾丸鞘膜翻转术
右侧睾丸鞘膜切除翻转术	61.2x02|61.4904	睾丸鞘膜切除术|睾丸鞘膜翻转术
阴囊清创术	61.3x00x006	阴囊皮肤和皮下组织非切除性清创
阴囊部分切除术	61.3x02	阴囊部分切除术
左阴囊肿块切除术	61.3x03	阴囊病损切除术
左侧阴囊病损切除术	61.3x03	阴囊病损切除术
右侧鞘突高位结扎术	61.4900x002	鞘膜高位结扎术
左侧鞘膜高位结扎术	61.4900x002	鞘膜高位结扎术
左睾丸鞘膜翻转固定术	61.4904	睾丸鞘膜翻转术
(右侧)睾丸鞘膜积液鞘膜翻转术((61.2004))	61.4904	睾丸鞘膜翻转术
(右侧)睾丸鞘膜积液鞘膜翻转术	61.4904	睾丸鞘膜翻转术
腹腔镜下左侧鞘状突高位结扎术	61.4905	腹腔镜下鞘状突高位结扎术
腹腔镜下鞘状突高位结扎术（双）	61.4905	腹腔镜下鞘状突高位结扎术
LP左侧鞘状突高位结扎术	61.4905	腹腔镜下鞘状突高位结扎术
左侧睾丸探查术	62.0x00x001	睾丸切开探查术
腹腔镜隐睾探查术	62.0x01	腹腔镜下隐睾探查术
经皮睾丸活组织检查	62.1100	闭合性[经皮][针吸]睾丸活组织检查
双侧睾丸穿刺活检术	62.1100	闭合性[经皮][针吸]睾丸活组织检查
左侧发育不良睾丸切除术	62.3x00	单侧睾丸切除术
单侧睾丸-附睾切除术	62.3x01	单侧睾丸附睾切除术
腹腔镜下双侧隐睾切除术	62.4105	腹腔镜下双侧隐睾切除术
左侧高位隐睾下降固定术	62.5x00	睾丸固定术
左侧高位睾丸下降固定术	62.5x00	睾丸固定术
双侧侧睾丸下降固定术	62.5x00	睾丸固定术
腹腔镜下右侧睾丸固定术	62.5x01	腹腔镜睾丸固定术
腹腔镜左侧隐睾下降固定术	62.5x01	腹腔镜睾丸固定术
腹腔镜左侧睾丸固定术	62.5x01	腹腔镜睾丸固定术
腹腔镜双侧睾丸下降固定术（小儿）	62.5x01	腹腔镜睾丸固定术
左侧隐睾探查术	62.9900	睾丸其他手术
显微镜下睾丸切开取精术	62.9900x001	显微镜下睾丸切开取精术
右侧精索鞘膜高位结扎术	63.1x00x003	精索鞘膜高位结扎术
显微镜下双侧精索静脉结扎术	63.1x01	精索静脉高位结扎术
显微镜下右侧精索静脉结扎术	63.1x01	精索静脉高位结扎术
左侧显微镜下精索静脉高位结扎术	63.1x01	精索静脉高位结扎术
显微镜精索静脉结扎术（左）	63.1x01	精索静脉高位结扎术
显微镜下左侧精索静结扎术	63.1x01	精索静脉高位结扎术
显微镜下左侧精索静脉曲张高位结扎术	63.1x01	精索静脉高位结扎术
(左侧)显微镜下精索静脉结扎术((63.1002.01))	63.1x01	精索静脉高位结扎术
精索内静脉高位结扎术	63.1x01	精索静脉高位结扎术
左精索静脉高位结扎	63.1x01	精索静脉高位结扎术
显微镜左侧精索静脉高位结扎	63.1x01	精索静脉高位结扎术
左侧精索静高位结扎术	63.1x01	精索静脉高位结扎术
双侧精索鞘膜积液切除术	63.1x02	精索鞘膜积液切除术
腹腔镜左侧精索静脉高位结扎术。	63.1x03	腹腔镜精索静脉高位结扎术
腹腔镜下精索静脉高位结扎术。	63.1x03	腹腔镜精索静脉高位结扎术
左侧腹腔镜下精索静脉高位结扎术	63.1x03	腹腔镜精索静脉高位结扎术
腹腔镜左精索内静脉高位结扎术	63.1x03	腹腔镜精索静脉高位结扎术
精索鞘膜切除术	63.3x00	精索和附睾的其他病损或组织切除术
右侧附睾病损切除术	63.3x03	附睾病损切除术
缝合器包皮环切术	64.0x00	包皮环切术
包皮环切术（吻合器法）	64.0x00	包皮环切术
包皮环切术（传统）	64.0x00	包皮环切术
阴茎肿物活检术	64.1100	阴茎活组织检查
阴茎新生物切除术	64.2x01	阴茎病损切除术
阴茎海绵体修补术	64.4500x002	阴茎海绵体断裂修补术
阴茎畸形整形	64.4900	阴茎的其他修补术
隐匿性阴茎矫形术。	64.4901	阴茎矫直术
隐匿型阴茎延长整形术。	64.4902	阴茎延长术
隐匿阴茎包皮成形术	64.9800	阴茎的其他手术
阴茎阴囊移位整形术	64.9800	阴茎的其他手术
腹腔镜右侧卵巢囊肿剥除术	65.2501	腹腔镜卵巢病损切除术
腹腔镜下卵巢囊肿核除术	65.2501	腹腔镜卵巢病损切除术
腹腔镜下双侧卵巢囊肿切除术	65.2501	腹腔镜卵巢病损切除术
腹腔镜下右侧卵巢黄体囊肿剥除术	65.2501	腹腔镜卵巢病损切除术
腹腔镜下左卵巢巧克力囊肿剥除术	65.2501	腹腔镜卵巢病损切除术
腹腔镜右卵巢囊肿核除术	65.2501	腹腔镜卵巢病损切除术
腹腔镜下左侧卵巢黄体囊肿剥除术	65.2501	腹腔镜卵巢病损切除术
腹腔镜下左侧卵巢囊肿剥离术	65.2501	腹腔镜卵巢病损切除术
腹腔镜下右卵巢囊肿剥出术	65.2501	腹腔镜卵巢病损切除术
腹腔镜下右卵巢巧囊剥除术	65.2501	腹腔镜卵巢病损切除术
腹腔镜下双侧卵巢囊肿剥离术	65.2501	腹腔镜卵巢病损切除术
腹腔镜下左侧卵巢粘液性囊腺瘤剥除术	65.2501	腹腔镜卵巢病损切除术
经腹腔镜右卵巢囊肿剔除术	65.2501	腹腔镜卵巢病损切除术
单孔腹腔镜下左侧卵巢囊肿剥除术。	65.2501	腹腔镜卵巢病损切除术
腹腔镜下双卵巢巧克力囊肿剥除术	65.2501	腹腔镜卵巢病损切除术
LSC下左侧卵巢囊肿剥除术	65.2502	腹腔镜卵巢病损破坏术
双卵巢囊肿剥除术	65.2901	卵巢病损切除术
双侧卵巢囊肿切除术	65.2901	卵巢病损切除术
左侧卵巢囊肿切除术	65.2901	卵巢病损切除术
经腹卵巢囊肿剥除术	65.2901	卵巢病损切除术
双侧卵巢子宫内膜异位囊肿剥除术	65.2901	卵巢病损切除术
腹腔镜左附件切除术	65.4100	腹腔镜单侧输卵管-卵巢切除术
右侧附件切除	65.4900x001	单侧输卵管-卵巢切除术
经腹右侧附件切除术	65.4900x001	单侧输卵管-卵巢切除术
经腹双侧附件切除术	65.6100	双侧输卵管卵巢切除术
腹腔镜下 双侧附件切除术	65.6300	腹腔镜双侧卵巢和输卵管切除术
腹腔镜左侧输卵管开窗术	66.0102	腹腔镜输卵管切开术
腹腔镜下右侧输卵管妊娠去除伴输卵管开窗术	66.0103	腹腔镜输卵管妊娠切开去除术
腹腔镜下右侧输卵管开窗取胚术	66.0103	腹腔镜输卵管妊娠切开去除术
单孔腹腔镜下左侧输卵管切除术	66.4x02	腹腔镜单侧输卵管切除术
左侧腹腔镜下单侧输卵管切除术	66.4x02	腹腔镜单侧输卵管切除术
LSC下左侧输卵管切除术	66.4x02	腹腔镜单侧输卵管切除术
双输卵管切除术	66.5100	双侧输卵管切除术
腹腔镜下右侧输卵管系膜囊肿剔除术	66.6100x007	腹腔镜下输卵管系膜病损切除术
腹腔镜下异位妊娠左输卵管切除术	66.6104	腹腔镜输卵管病损切除术
腹腔镜下右侧输卵管部分切除术	66.6902	腹腔镜单侧输卵管部分切除术
腹腔镜下双侧输卵管高压灌注术	66.8x02	腹腔镜输卵管通液术
宫颈活检术	67.1200x001	子宫颈活检
宫颈锥型切除术	67.2x00	子宫颈锥形切除术
阴道镜下宫颈锥切术	67.2x00	子宫颈锥形切除术
宫颈环形电切术（leep刀）	67.3201	子宫颈环形电切术
子宫颈锥形电切除术	67.3202	子宫颈锥形电切术
宫颈锥切术（LEEP）	67.3202	子宫颈锥形电切术
宫颈锥切术 (LEEP)	67.3202	子宫颈锥形电切术
子宫颈锥形切除术（LEEP）	67.3202	子宫颈锥形电切术
宫颈电锥切术	67.3202	子宫颈锥形电切术
诊断性宫颈冷刀锥切术	67.3302	子宫颈冷冻锥形切除术
宫腔镜下宫颈管肿物切除术	67.3902	宫腔镜子宫颈病损切除术
腹腔镜下子宫颈肌瘤剔除术	67.3903	腹腔镜子宫颈病损切除术
宫颈囊肿切除术	67.3904	子宫颈病损切除术
宫颈电切术	67.4x08	宫腔镜子宫颈切除术
经阴道宫颈环扎术（筋膜内）	67.5901	经阴道子宫颈环扎术
孕期经阴道宫颈环扎术（筋膜外）	67.5901	经阴道子宫颈环扎术
经阴道宫颈环扎术（筋膜外）	67.5901	经阴道子宫颈环扎术
探宫腔	68.0x00x004	子宫切开探查术
宫腔镜检查术+活检术	68.1602	宫腔镜子宫活组织检查
TCRA+羊膜移植术	68.2100x002|10.4101	子宫内膜粘连松解术|睑球粘连羊膜移植修补术
宫腔镜下子宫内膜粘连松解术	68.2101	宫腔镜子宫内膜粘连松解术
宫腔镜下宫腔粘连电切分离术	68.2101	宫腔镜子宫内膜粘连松解术
宫腔镜下子宫隔膜切除术	68.2206	宫腔镜子宫隔膜切除术
宫腔镜检查+子宫内膜热球烧灼术	68.2300x005	宫腔镜下子宫内膜热球去除术
子宫内膜去除术（诺舒）	68.2301	子宫内膜射频消融术
双侧子宫动脉栓塞术	68.2500x001	子宫动脉栓塞术
经双侧子宫动脉栓塞术	68.2500x001	子宫动脉栓塞术
经皮双侧子宫动脉栓塞术	68.2500x001	子宫动脉栓塞术
经子宫动脉栓塞术	68.2500x001	子宫动脉栓塞术
腹式子宫肌瘤切除术	68.2901	子宫肌瘤切除术
经腹子宫肌瘤挖除术	68.2901	子宫肌瘤切除术
经腹子宫肌瘤剜除术	68.2901	子宫肌瘤切除术
多发性子宫肌瘤挖除术	68.2901	子宫肌瘤切除术
子宫多发肌瘤切除术	68.2901	子宫肌瘤切除术
子宫肌瘤核除	68.2901	子宫肌瘤切除术
经腹子宫腺肌瘤挖除术	68.2906	子宫病损切除术
经阴道子宫肌瘤挖除术	68.2907	经阴道子宫病损切除术
腹腔镜子宫肌瘤切除术	68.2912	腹腔镜子宫病损切除术
腹腔镜下子宫肌瘤挖出术	68.2912	腹腔镜子宫病损切除术
腹腔镜下子宫多发肌瘤剔除术	68.2912	腹腔镜子宫病损切除术
经腹腔镜子宫肌瘤核除术	68.2912	腹腔镜子宫病损切除术
腹腔镜下子宫肌瘤剥除	68.2912	腹腔镜子宫病损切除术
悬吊式腹腔镜子宫肌瘤剔除术	68.2912	腹腔镜子宫病损切除术
腹腔镜子宫肌瘤剥除术	68.2912	腹腔镜子宫病损切除术
悬吊式腹腔镜下子宫肌瘤剔除术	68.2912	腹腔镜子宫病损切除术
宫腔镜下子宫内膜电切术	68.2913	宫腔镜子宫病损电切术
宫腔镜下宫腔病变电切术	68.2913	宫腔镜子宫病损电切术
宫腔镜内膜息肉电切术	68.2913	宫腔镜子宫病损电切术
宫腔镜下子宫内膜部分电切术	68.2913	宫腔镜子宫病损电切术
宫腔镜检查+宫腔镜下粘膜下肌瘤电切术	68.2913	宫腔镜子宫病损电切术
宫腔镜下宫内残留物电切术	68.2913	宫腔镜子宫病损电切术
宫腔镜下粘膜下肌瘤电切	68.2913	宫腔镜子宫病损电切术
经宫腔镜宫腔赘生物电切术	68.2913	宫腔镜子宫病损电切术
宫腔下子宫内膜息肉电切术	68.2913	宫腔镜子宫病损电切术
宫腔镜下子宫内膜赘生物切除术	68.2915	宫腔镜子宫内膜病损切除术
经宫腔镜子宫内膜息肉切除术	68.2915	宫腔镜子宫内膜病损切除术
宫腔镜下子宫内膜息肉刮除术	68.2915	宫腔镜子宫内膜病损切除术
宫腔镜检查+子宫粘膜下肌瘤切除术	68.2917	宫腔镜子宫病损切除术
宫腔镜检查+宫腔占位组织摘除术	68.2917	宫腔镜子宫病损切除术
宫腔镜检查+宫腔镜下子宫粘膜下肌瘤切除术	68.2917	宫腔镜子宫病损切除术
宫腔镜下宫腔赘生物切除术	68.2917	宫腔镜子宫病损切除术
腹腔镜下次全子宫切除术。	68.3102	腹腔镜子宫次全切除术
腹腔镜下子宫切除术	68.4100	腹腔镜经腹全子宫切除术
腹腔镜子宫全切术	68.4100	腹腔镜经腹全子宫切除术
腹腔镜全子宫切除术。	68.4100	腹腔镜经腹全子宫切除术
腹腔镜下全子宫切除	68.4100	腹腔镜经腹全子宫切除术
腹腔镜辅助下小切口全子宫切除术	68.4100	腹腔镜经腹全子宫切除术
腹腔镜下全宫切除术	68.4100	腹腔镜经腹全子宫切除术
次广泛性子宫切除术	68.4900x006	子宫次广泛切除术
次广泛全子宫切除术	68.4900x006	子宫次广泛切除术
腹式全子宫切除	68.4901	经腹全子宫切除术
扩大全子宫切除术	68.4903	经腹扩大性全子宫切除术
阴式全子宫切除术	68.5901	经阴道子宫切除术
产后清宫术	69.0202	分娩后刮宫术
宫腔镜检查+B超引导下清宫术	69.0900	其他扩张和刮宫术
清宫术。	69.0900	其他扩张和刮宫术
药流后清宫术	69.0900	其他扩张和刮宫术
超声监视下清宫术	69.0900	其他扩张和刮宫术
超声引导下分段诊刮术	69.0901	诊断性刮宫术
诊断性刮宫(分段诊刮)	69.0901	诊断性刮宫术
宫腔镜检查+刮宫术	69.0902	宫腔镜诊断性刮宫术
宫腔镜检查术+诊断性刮宫术	69.0902	宫腔镜诊断性刮宫术
宫腔镜下分段诊刮术	69.0902	宫腔镜诊断性刮宫术
(宫腔镜)宫腔镜检查术+分段刮宫术	69.0902	宫腔镜诊断性刮宫术
宫腔镜检查+诊刮术+甲硝唑宫腔冲洗	69.0902	宫腔镜诊断性刮宫术
宫腔镜探查术+分段诊刮	69.0902	宫腔镜诊断性刮宫术
宫腔镜检术，刮宫术	69.0902	宫腔镜诊断性刮宫术
宫腔镜检查+诊刮	69.0902	宫腔镜诊断性刮宫术
腹腔镜下阔韧带肌瘤剔除术	69.1900x022	腹腔镜下阔韧带病损切除术
腹腔镜下子宫骶骨固定术。	69.2200x009	腹腔镜下子宫-骶前固定术
人工流产负压吸宫术（高危）	69.5101	电吸人流术
B超引导下吸宫术	69.5102	超声引导下电吸人流术
B超引导下电吸人流术	69.5102	超声引导下电吸人流术
无痛吸宫术	69.5900	其他抽吸刮宫术
人工电动负压吸宫术	69.5901	电吸刮宫术
宫腔镜下人工流产术	69.9900	子宫颈和子宫的其他手术
宫腔镜检查术+宫腔整理术	69.9900	子宫颈和子宫的其他手术
宫腔镜检查+特殊人工流产术	69.9900	子宫颈和子宫的其他手术
高危人工流产手术	69.9900	子宫颈和子宫的其他手术
阴道前壁囊肿切除术	70.3301	阴道病损切除术
经阴道全盆底重建术	70.5305	全盆底重建术
阴道裂伤缝合术	70.7100	阴道裂伤缝合术
阴道换药术	70.9100	阴道的其他手术
会阴侧切术	71.0904	会阴切开术
前庭大腺脓肿切开引流术	71.2201	巴多林腺脓肿切开引流术
巴氏腺脓肿切开造口术	71.2900x002	前庭大腺造口术
会阴部清创术	71.3x00x022	女性会阴皮肤和皮下组织非切除性清创
会阴裂伤清创缝合术	71.3x00x022|71.7102	女性会阴皮肤和皮下组织非切除性清创|会阴裂伤缝合术
会阴部皮肤肿物切除术	71.3x01	会阴病损切除术
外阴肿物扩大切除术	71.3x04	外阴病损切除术
外阴血管瘤切除术	71.3x04	外阴病损切除术
阴蒂肥大整形术	71.4x00	阴蒂手术
单纯外阴切除术。	71.6200x002	外阴单纯切除术
外阴裂伤修补术	71.7101	外阴裂伤缝合术
会阴裂伤缝合术	71.7102	会阴裂伤缝合术
会阴切口二期缝合术	71.7900	外阴和会阴的其他修补术
小阴唇肥大整复术	71.7900x008	小阴唇成形术
低位产钳伴会阴切开术	72.1x00	低位产钳手术伴外阴切开术
死胎接生	73.1x00	其他手术引产
会阴侧切缝合术+顺产接生术	73.6x01|73.5900	会阴侧切缝合术|其他手法助产
子宫下端剖宫产术	74.1x00	低位子宫下段剖宫产
子宫下段剖宫产分娩	74.1x00	低位子宫下段剖宫产
经腹下段剖宫产术	74.1x00	低位子宫下段剖宫产
子宫下段剖宫产（双胎）	74.1x00	低位子宫下段剖宫产
子宫下段剖宫产术手术指征：相对性头盆不称	74.1x00	低位子宫下段剖宫产
子宫下段剖宫产术（急诊）	74.1x00	低位子宫下段剖宫产
子宫下段横切口二次剖宫产术	74.1x01	剖宫产术，子宫下段横切口
二次子宫下段横切口剖宫产术手术指征：瘢痕子宫 胎膜早破	74.1x01	剖宫产术，子宫下段横切口
经腹子宫下段剖宫产术（纵切口）	74.1x02	剖宫产术，子宫下段直切口
子宫下段纵切口剖宫产	74.1x02	剖宫产术，子宫下段直切口
腹腔镜下右侧输卵管间质部妊娠组织清除术	74.3x00	输卵管外异位妊娠清除术
经阴道子宫切口瘢痕妊娠清除术	74.3x00	输卵管外异位妊娠清除术
胎盘钳夹术	75.4x00x003	胎盘钳夹术
下颌骨肿物切除术	76.2x01	下颌骨病损切除术
左下颌骨包块探查切除术	76.2x01	下颌骨病损切除术
左下颌骨肿物刮除术	76.2x01	下颌骨病损切除术
上颌骨肿物刮治术	76.2x02	上颌骨病损切除术
左侧下颌骨囊肿刮治术	76.2x04	颌骨囊肿摘除术
下颌骨骨折术后内固定物取出术	76.9701	下颌骨内固定装置取出术
上下颌颌间牵引术。	76.9900	面骨和关节的其他手术
右股骨头减压术	77.1502	股骨减压术
右股骨病灶活检术	77.4500	股骨活组织检查
骶骨穿刺活检术	77.4901	骨盆活组织检查
T12椎体穿刺活检术	77.4904	椎骨活组织检查
椎骨活检术	77.4904	椎骨活组织检查
右肩胛骨骨软骨瘤切除术	77.6101	肩胛骨病损切除术
肋骨占位切除术	77.6103	肋骨病损切除术
左肱骨上段骨软骨瘤切除术	77.6201	肱骨病损切除术
右股骨远端肿物切除术	77.6501	股骨病损切除术
右侧股骨病损切除术	77.6501	股骨病损切除术
右侧胫骨病损切除术	77.6701	胫骨病损切除术
胫骨病损切除术	77.6701	胫骨病损切除术
骨盆骨折外固定术	78.1901	盆骨外固定术
左股骨延长术	78.3500x001	股骨延长术
左侧高肩胛矫形术	78.4100	肩胛骨，锁骨和胸廓［肋骨和胸骨］其他修补术或整形术
腰椎体成形术（修补术）	78.4904	椎骨成形术
肋骨骨折内固定术	78.5104	肋骨内固定术
漏斗胸术后取钢板	78.6100	肩胛骨，锁骨和胸廓［肋骨和胸骨］置入装置去除
右肩锁关节内固定取出术	78.6100x004	肩锁关节内固定物取出术
左肩胛骨骨折内固定取出术	78.6101	肩胛骨内固定装置去除术
右锁骨内固定物取出术	78.6103	锁骨内固定装置去除术
锁骨内固定装置去除术	78.6103	锁骨内固定装置去除术
右侧肋骨内固定物取出术	78.6105	肋骨内固定装置去除术
左肱骨骨折内固定物取出术	78.6201	肱骨内固定装置去除术
左肱骨内固定拆除术	78.6201	肱骨内固定装置去除术
右肱骨骨折内固定装置取出术	78.6201	肱骨内固定装置去除术
右肱骨外科颈骨折内固定物取出术	78.6201	肱骨内固定装置去除术
右桡骨骨折内固定物取出术	78.6301	桡骨内固定装置去除术
桡骨内固定物取出术	78.6301	桡骨内固定装置去除术
左尺桡骨骨折内固定物取出术	78.6301|78.6303	桡骨内固定装置去除术|尺骨内固定装置去除术
右尺骨鹰嘴骨折内固定取出术	78.6303	尺骨内固定装置去除术
左尺骨鹰嘴骨折术后内固定物取出术。	78.6303	尺骨内固定装置去除术
左尺骨内固定物取出术。	78.6303	尺骨内固定装置去除术
左侧孟氏骨折术后内固定取出术	78.6303	尺骨内固定装置去除术
右侧尺骨骨折内固定取出术	78.6303	尺骨内固定装置去除术
左尺骨鹰嘴内固定拆除术	78.6303	尺骨内固定装置去除术
右手第五掌骨骨折术后内固定取出术	78.6403	掌骨内固定装置去除术
右第5掌骨内固定物取出术	78.6403	掌骨内固定装置去除术
左股骨骨折术后内固定物取出术	78.6501	股骨内固定装置去除术
股骨内固定取出术	78.6501	股骨内固定装置去除术
左股骨骨折术后取内固定术	78.6501	股骨内固定装置去除术
右股骨骨折内固定物取出术	78.6501	股骨内固定装置去除术
右股骨干骨折内固定取出术	78.6501	股骨内固定装置去除术
左股骨干内固定物取出术	78.6501	股骨内固定装置去除术
右股骨颈内固定取出术	78.6501	股骨内固定装置去除术
右股骨干骨折内固定装置取出术	78.6501	股骨内固定装置去除术
左侧髌骨骨折内固定取出术	78.6601	髌骨内固定装置去除术
左侧髌骨骨折内固定拆除术	78.6601	髌骨内固定装置去除术
左髌骨内固定拆除术	78.6601	髌骨内固定装置去除术
右髌骨骨折内固定植入物取出术	78.6601	髌骨内固定装置去除术
右胫骨平台内固定物取出术	78.6701	胫骨内固定装置去除术
左胫骨平台骨折内固定拆除术	78.6701	胫骨内固定装置去除术
右胫骨内固定装置取出术	78.6701	胫骨内固定装置去除术
右侧胫骨平台内固定取出术	78.6701	胫骨内固定装置去除术
右胫骨平台骨折内固定拆除术	78.6701	胫骨内固定装置去除术
右胫骨内固定拆除术	78.6701	胫骨内固定装置去除术
左胫骨平台内固定拆除术	78.6701	胫骨内固定装置去除术
左下胫腓螺钉取出术	78.6701|78.6703	胫骨内固定装置去除术|腓骨内固定装置去除术
左胫腓骨远端内固定取出术	78.6701|78.6703	胫骨内固定装置去除术|腓骨内固定装置去除术
下胫腓固定螺钉取出术	78.6701|78.6703	胫骨内固定装置去除术|腓骨内固定装置去除术
左下胫腓联合固定钉取出术。	78.6701|78.6703	胫骨内固定装置去除术|腓骨内固定装置去除术
右腓骨骨折术后内固定取出术	78.6703	腓骨内固定装置去除术
右腓骨远端骨折术后内固定物取出术	78.6703	腓骨内固定装置去除术
右侧腓骨骨折内固定物取出术	78.6703	腓骨内固定装置去除术
右侧踝关节内固定物取出术	78.6705	踝关节内固定装置去除术
左踝内固定拆除术	78.6705	踝关节内固定装置去除术
右踝骨折术后内固定物取出术	78.6705	踝关节内固定装置去除术
左踝关节骨折术后取内固定术	78.6705	踝关节内固定装置去除术
左踝关节骨折术后内固定装置取出术	78.6705	踝关节内固定装置去除术
右踝关节骨折内固定取出术。	78.6705	踝关节内固定装置去除术
踝关节内固定物取出术	78.6705	踝关节内固定装置去除术
左足内固定物取出术	78.6800	跗骨和跖骨置入装置去除
右跟骨骨折内固定取出术	78.6900x002	跟骨内固定物取出术
左跟骨骨折内固定拆除术	78.6900x002	跟骨内固定物取出术
右跟骨骨折内固定装置取出术	78.6900x002	跟骨内固定物取出术
左跟骨内固定取出术。	78.6900x002	跟骨内固定物取出术
左髋脱位术后内固定取出术	78.6900x008	髋关节内固定物取出术
腰椎骨折术后内固定物取出术	78.6900x010	椎骨内固定物取出术
胸腰椎内固定取出术	78.6900x010	椎骨内固定物取出术
胸12椎体骨折术后内固定取出术	78.6900x010	椎骨内固定物取出术
腰椎骨折术后内固定物取出术。	78.6900x010	椎骨内固定物取出术
盆骨内固定物取出术	78.6901	骨盆内固定装置去除术
右髂骨骨折内固定取出术	78.6901	骨盆内固定装置去除术
右髂骨内固定取出术	78.6901	骨盆内固定装置去除术
指骨骨折闭合复位钢针内固定术	79.1400x002	指骨骨折闭合复位钢针内固定术
右股骨转子间骨折闭合复位内固定术。	79.1500	股骨骨折闭合性复位术伴内固定
股骨骨折闭合复位内固定术	79.1500	股骨骨折闭合性复位术伴内固定
左股骨干骨折闭合复位髓内针内固定术	79.1500x006	股骨骨折闭合复位髓内针内固定术
右侧股骨转子间骨折闭合复位髓内钉固定	79.1500x006	股骨骨折闭合复位髓内针内固定术
胫骨骨折闭合复位钢板内固定术	79.1600x012	胫骨骨折闭合复位钢板内固定术
跟骨骨折闭合复位钢针内固定术	79.1700x009	跟骨骨折闭合复位钢针内固定术
右肱骨近端粉碎性骨折切开复位内固定术	79.3101	肱骨骨折切开复位内固定术
右侧肱骨近端骨折切开复位内固定术	79.3101	肱骨骨折切开复位内固定术
右肱骨骨折切复内固定术	79.3101	肱骨骨折切开复位内固定术
肱骨骨折开放性复位内固定术	79.3101	肱骨骨折切开复位内固定术
左肱骨髁部骨折切开复位内固定术	79.3101	肱骨骨折切开复位内固定术
右肱骨大结节撕脱性骨折切开复位内固定术	79.3101	肱骨骨折切开复位内固定术
右侧肱骨近端粉碎性骨折切开复位内固定术	79.3101	肱骨骨折切开复位内固定术
左肱骨近端粉碎骨折切开复位内固定术	79.3101	肱骨骨折切开复位内固定术
右肱骨近端骨折切开复位钢板螺钉内固定术	79.3101	肱骨骨折切开复位内固定术
右肱骨髁上骨折切开复位内固定	79.3101	肱骨骨折切开复位内固定术
左肱骨中段骨折切开复位内固定术	79.3101	肱骨骨折切开复位内固定术
左尺骨骨折切开复位钢板内固定术	79.3200x001	尺骨骨折切开复位钢板内固定术
桡骨骨折切开复位钢板内固定术	79.3200x011	桡骨骨折切开复位钢板内固定术
左侧桡骨远端陈旧性骨折切开复位内固定术	79.3201	桡骨骨折切开复位内固定术
左侧桡骨远端切开复位内固定术	79.3201	桡骨骨折切开复位内固定术
左尺骨干骨折切开复位内固定术	79.3202	尺骨骨折切开复位内固定术
右尺骨鹰嘴粉碎性骨折切开复位内固定术	79.3202	尺骨骨折切开复位内固定术
左尺骨冠状突骨折切开复位内固定术	79.3202	尺骨骨折切开复位内固定术
左尺骨骨折切复内固定术	79.3202	尺骨骨折切开复位内固定术
左尺骨骨折切开复位内固定	79.3202	尺骨骨折切开复位内固定术
左尺骨鹰嘴骨折ORIF	79.3202	尺骨骨折切开复位内固定术
右第3掌骨骨折切开复位内固定术	79.3302	掌骨骨折切开复位内固定术
左手第三掌骨骨折切开复位内固定术	79.3302	掌骨骨折切开复位内固定术
右拇指骨折切开复位内固定术	79.3401	指骨骨折切开复位内固定术
左股骨干骨折切开复位钢板内固定术	79.3500x016	股骨骨折切开复位钢板内固定术
股骨干骨折切开复位钢板内固定术	79.3500x016	股骨骨折切开复位钢板内固定术
股骨骨折切开复位髓内针内固定术	79.3500x018	股骨骨折切开复位髓内针内固定术
左侧股骨骨折切开复位内固定术	79.3501	股骨骨折切开复位内固定术
左侧股骨转子间骨折切开复位内固定术	79.3501	股骨骨折切开复位内固定术
右侧股骨远端骨折切开复位内固定术	79.3501	股骨骨折切开复位内固定术
右股骨干骨折切开复位，钢板螺钉内固定	79.3501	股骨骨折切开复位内固定术
左侧股骨头骨折切开复位内固定术	79.3501	股骨骨折切开复位内固定术
股骨切开复位内固定	79.3501	股骨骨折切开复位内固定术
股骨骨折切开复位术	79.3501	股骨骨折切开复位内固定术
右侧胫骨骨折切开复位内固定术	79.3601	胫骨骨折切开复位内固定术
左胫骨骨折切复内固定术	79.3601	胫骨骨折切开复位内固定术
右胫骨开放性骨折切开复位内固定术	79.3601	胫骨骨折切开复位内固定术
左胫骨结节骨折切开复位内固定术	79.3601	胫骨骨折切开复位内固定术
右胫腓骨开放性骨折切开复位内固定术	79.3601|79.3602	胫骨骨折切开复位内固定术|腓骨骨折切开复位内固定术
左内踝骨折切开复位内固定术	79.3603	踝关节骨折切开复位内固定术
右踝关节骨折切开复位钢板螺钉内固定术。	79.3603	踝关节骨折切开复位内固定术
髌骨骨折切开复位cable内固定术	79.3604	髌骨骨折切开复位内固定术
跟骨骨折切开复位内固定	79.3700	跗骨和跖骨骨折开放性复位术伴内固定
左跟骨骨折切开复位内固定	79.3700	跗骨和跖骨骨折开放性复位术伴内固定
左侧肩胛骨骨折切开复位钢板内固定术	79.3900x044	肩胛骨骨折切开复位钢板内固定术
右髂骨骨折切开复位内固定术	79.3901	盆骨骨折切开复位内固定术
左耻骨上支骨折切开复位内固定术	79.3901	盆骨骨折切开复位内固定术
左髂前上棘撕脱性骨折切开复位内固定术	79.3901	盆骨骨折切开复位内固定术
左肩胛骨粉碎性骨折切开复位内固定术	79.3902	肩胛骨骨折切开复位内固定术
左锁骨骨折切复内固定术	79.3904	锁骨骨折切开复位内固定术
右侧髋关节脱位闭合复位术	79.7500	髋脱位闭合性复位术
右肘关节切开复位内固定术	79.8200x001	肘关节脱位切开复位内固定术
右髋关节切开复位术	79.8500	髋脱位开放性复位术
髋关节脱位切开复位术	79.8500	髋脱位开放性复位术
左髋关节旷置术	80.0500x003	髋关节旷置术
右膝关节镜下探查术	80.2600	关节镜膝关节检查
膝关节镜检术	80.2600	关节镜膝关节检查
膝关节镜下探查术	80.2600	关节镜膝关节检查
左侧膝关节半月板损伤膝关节镜检术	80.2600	关节镜膝关节检查
微创经椎间孔椎间盘髓核摘除术。	80.5100	椎间盘切除术
经皮脊柱内镜下髓核摘除术	80.5100	椎间盘切除术
微创腰椎后路单纯髓核摘除术	80.5100	椎间盘切除术
椎间盘镜下后外入路腰椎间盘切除术	80.5100x033	椎间盘镜下后入路腰椎间盘切除术
腰椎后路髓核单纯摘除术	80.5109	腰椎髓核切除术
椎间孔镜下L5-S1椎间盘切除术	80.5110	内镜下腰椎间盘切除术
L4-5 PELD术	80.5110	内镜下腰椎间盘切除术
L5S1经皮椎间孔镜下髓核摘除术	80.5111	内镜下腰椎髓核切除术
腰椎间盘镜下髓核摘除术	80.5111	内镜下腰椎髓核切除术
椎间孔镜下L5/S1椎间盘髓核摘除术	80.5111	内镜下腰椎髓核切除术
腰椎椎板间入路内镜下髓核摘除术	80.5111	内镜下腰椎髓核切除术
经后路椎间盘镜下L5/S1椎间盘髓核摘除术。	80.5111	内镜下腰椎髓核切除术
腰椎内镜下髓核摘除术	80.5111	内镜下腰椎髓核切除术
经皮椎间盘微创消融术+臭氧减压术	80.5900|80.5900	椎间盘的其他破坏术|椎间盘的其他破坏术
盘源性腰痛低温等离子射频消融术	80.5900x001	椎间盘射频消融术
椎间盘微创消融术(等离子)	80.5900x001	椎间盘射频消融术
经皮椎间盘微创消融术（射频）+椎间盘胶原酶溶核术	80.5900x001|80.5900	椎间盘射频消融术|椎间盘的其他破坏术
左侧膝关节镜下半月板部分切除术	80.6x06	关节镜膝关节半月板部分切除术
左膝内侧半月板部分切除术	80.6x07	关节镜膝内侧半月板部分切除术
右髋关节囊肿切除术	80.8501	髋关节病损切除术
右踝关节肿物切除术	80.8701	踝关节病损切除术
L3-5PLIF术	81.0801	腰椎椎体间融合术，后入路
左踝关节融合术。	81.1100	踝融合术
右侧膝关节镜下前十字韧带重建术	81.4504	关节镜膝关节前交叉韧带重建术
右膝内侧副韧带重建术	81.4600x001	副韧带修补术
左膝关节内侧副韧带重建术	81.4600x001	副韧带修补术
右膝关节内侧副韧带修复术	81.4600x001	副韧带修补术
膝关节内侧副韧带修补术	81.4600x001	副韧带修补术
左踝关节外侧韧带修补术	81.4902	踝关节外侧韧带修补术
双髋关节置换术	81.5100	全髋关节置换
(左侧)全髋关节置换术 （Depuy）	81.5100	全髋关节置换
(右侧)全髋关节置换术((81.5101))（Depuy）	81.5100	全髋关节置换
右髋关节全髋关节置换术	81.5100	全髋关节置换
(右侧)全髋关节置换术（Zimmer）	81.5100	全髋关节置换
左髋关节置换术（施乐辉）	81.5100	全髋关节置换
左侧人工髋关节置换术。	81.5100	全髋关节置换
右侧人工髋关节置换术。	81.5100	全髋关节置换
右侧全髋关节置换术	81.5100	全髋关节置换
右侧人工全髋关节置换术	81.5100	全髋关节置换
全髋置换术	81.5100	全髋关节置换
左全髋置换术（施乐辉）	81.5100	全髋关节置换
右侧全髋关节置换术（Depuy）	81.5100	全髋关节置换
右全髋置换术（史赛克）	81.5100	全髋关节置换
左全髋关节置换术（捷迈公司）	81.5100	全髋关节置换
右全髋置换（stryker)	81.5100	全髋关节置换
左股骨颈骨折人工股骨头置换术。	81.5201	人工股骨头置换术
左侧髋关节人工股骨头置换术	81.5201	人工股骨头置换术
人工股骨头置换术	81.5201	人工股骨头置换术
右侧人工股骨头置换术（Depuy）	81.5201	人工股骨头置换术
股骨头置换	81.5201	人工股骨头置换术
右侧人工全膝关节置换术	81.5400	全部膝关节置换
双膝TKA术	81.5400	全部膝关节置换
双侧膝关节表面置换术	81.5400	全部膝关节置换
左膝TKA	81.5400	全部膝关节置换
右人工膝关节表面置换术	81.5400	全部膝关节置换
左全膝置换术	81.5400	全部膝关节置换
左全膝人工关节置换术	81.5400	全部膝关节置换
右膝人工全膝关节表面置换术	81.5400	全部膝关节置换
左人工全膝置换术	81.5400	全部膝关节置换
左膝关节人工膝关节表面置换术	81.5400	全部膝关节置换
左膝关节置换术 施乐辉G2	81.5400	全部膝关节置换
右侧膝关节三间室置换术	81.5400	全部膝关节置换
左侧全膝关节表面置换术（强生）	81.5400	全部膝关节置换
(右侧)全膝关节置换（施乐辉）	81.5400	全部膝关节置换
右膝关节置换术 施乐辉G2	81.5400	全部膝关节置换
左全膝置换	81.5400	全部膝关节置换
右全膝置换术（smithnephew)	81.5400	全部膝关节置换
左膝关节置换术(Smith&Nephew)	81.5400	全部膝关节置换
左膝单髁关节置换术	81.5400x004	膝关节单髁表面置换术
右侧膝关节单髁表面置换术	81.5400x004	膝关节单髁表面置换术
左膝单髁表面置换术	81.5400x004	膝关节单髁表面置换术
左膝人工单髁置换术	81.5400x004	膝关节单髁表面置换术
右侧膝关节单髁置换术	81.5400x004	膝关节单髁表面置换术
膝关节双间室置换术（左）	81.5400x007	膝关节双间室置换术
T8椎体成形术	81.6500	经皮椎骨成形术
胸11椎体成形术	81.6500	经皮椎骨成形术
腰1椎体经皮椎体成形术	81.6500	经皮椎骨成形术
经皮穿刺椎体成形术（L1）	81.6500	经皮椎骨成形术
胸12椎体骨折经皮穿刺椎体成形术	81.6500	经皮椎骨成形术
(其他微创)胸椎体成形术（修补术）	81.6500	经皮椎骨成形术
胸11椎体经皮椎体成形术	81.6500	经皮椎骨成形术
经皮椎体穿刺成形术。	81.6500	经皮椎骨成形术
胸11经皮穿刺椎体成形术	81.6500	经皮椎骨成形术
-胸12经皮穿刺椎体成形术-	81.6500	经皮椎骨成形术
经皮胸12椎体成形术	81.6500	经皮椎骨成形术
L1椎体压缩性骨折PVP	81.6500	经皮椎骨成形术
T12、L1椎体成形术	81.6500	经皮椎骨成形术
C臂机引导下经皮穿刺椎体成形术（中央医疗PVP系统+瑞邦人工骨）	81.6500	经皮椎骨成形术
经皮穿刺球囊扩张椎体后凸成形术	81.6600x001	经皮穿刺脊柱后凸成形术
经皮球囊扩张椎体成形术	81.6600x001	经皮穿刺脊柱后凸成形术
PKP	81.6600x001	经皮穿刺脊柱后凸成形术
经皮椎体扩张成形术	81.6600x001	经皮穿刺脊柱后凸成形术
腰1椎体压缩骨折球囊扩张椎体成形术	81.6600x002	腰椎骨折球囊扩张成形术
腰2椎体骨折经皮椎体后凸成形术	81.6600x002	腰椎骨折球囊扩张成形术
腰1椎体压缩骨折经皮穿刺椎体后凸成形术	81.6600x002	腰椎骨折球囊扩张成形术
经后路行“腰1椎骨折经皮穿刺脊柱后凸成形术”	81.6600x002	腰椎骨折球囊扩张成形术
腰1椎体骨折经皮穿刺球囊扩张椎体成形术	81.6600x002	腰椎骨折球囊扩张成形术
腰1椎体骨折后凸成形术	81.6600x002	腰椎骨折球囊扩张成形术
胸椎骨折球囊扩张椎体成形术	81.6600x003	胸椎骨折球囊扩张成形术
经皮穿刺T11椎体后凸成形术（PKP）	81.6600x003	胸椎骨折球囊扩张成形术
经皮穿刺T12椎体后凸成形术(PKP)	81.6600x003	胸椎骨折球囊扩张成形术
T10椎体后凸成形术	81.6600x003	胸椎骨折球囊扩张成形术
胸椎椎体后凸成形术	81.6600x003	胸椎骨折球囊扩张成形术
经皮胸椎后凸成形术	81.6600x003	胸椎骨折球囊扩张成形术
T12经皮椎体后凸成形术	81.6600x003	胸椎骨折球囊扩张成形术
右肱骨头置换术	81.8101	人工肱骨头置换术
关节镜下肩袖损伤修补术	81.8300x008	肩关节镜下肩袖修补术
关节镜下左肩袖缝合修补术。	81.8300x008	肩关节镜下肩袖修补术
关节镜下肩袖修补术	81.8300x008	肩关节镜下肩袖修补术
关节镜下右肩袖破裂修补术	81.8300x008	肩关节镜下肩袖修补术
左踝关节韧带修补术	81.9400x001	踝关节韧带修补术
左拇指腱鞘切开松解术	82.0101	手部腱鞘松解术
1.左拇指先天性狭窄性腱鞘炎腱鞘松解术	82.0101	手部腱鞘松解术
1.双侧拇指狭窄性腱鞘炎腱鞘松解术	82.0101	手部腱鞘松解术
右拇缩窄性腱鞘炎切开术	82.0101	手部腱鞘松解术
右拇指腱鞘巨细胞瘤切除术	82.2100	手腱鞘病损切除术
右中指腱鞘巨细胞瘤切除术	82.2100	手腱鞘病损切除术
左腕部腱鞘囊肿切除术	82.2101	手部腱鞘囊肿切除术
右手掌腱鞘囊肿切除术	82.2101	手部腱鞘囊肿切除术
左腕腱鞘囊肿切除术。	82.2101	手部腱鞘囊肿切除术
左侧腕部腱鞘囊肿切除术	82.2101	手部腱鞘囊肿切除术
右示指残端修整术	82.8900	手其他整形术
左手中指残端修整术	82.8900	手其他整形术
左手环指残端修整术	82.8900	手其他整形术
腱鞘炎松解术	83.0102	腱鞘松解术
双侧跟腱切断术	83.1100	跟腱切断术
左侧胸锁乳突肌切断术	83.1903	胸锁乳突肌切断术
左胸锁乳突肌切断术	83.1903	胸锁乳突肌切断术
右踝腱鞘囊肿切除术	83.3101	腱鞘囊肿切除术
右足背腱鞘囊肿切除术。	83.3101	腱鞘囊肿切除术
左肘部腱鞘囊肿切除术	83.3101	腱鞘囊肿切除术
右侧腘窝包块切除术	83.3900x001	腘窝病损切除术
股四头肌缝合术	83.6500x006	股四头肌缝合术
右跟腱断裂修补术	83.8800x001	跟腱修补术
左跟腱缝合修补术	83.8800x001	跟腱修补术
左拇指多指截指术	84.0100x001	多指截指术
左拇多指截指术	84.0100x001	多指截指术
右手多指畸形切除术。	84.0100x001	多指截指术
右拇多指切除整形术	84.0100x001	多指截指术
多指截指术	84.0100x001	多指截指术
双手多指切除术	84.0100x001	多指截指术
右手拇指多指畸形切除整复术	84.0100x001	多指截指术
右环指截指术	84.0102	手指截断术，拇指除外
左前臂中段截肢术	84.0500	经前臂截断术
左上臂截肢术	84.0701	上臂截断术
右足第四趾截趾术	84.1100	趾截断术
左足第5趾截趾术	84.1100	趾截断术
右大腿截断术	84.1701	大腿截断术
左大腿上段截肢术	84.1701	大腿截断术
右大腿截肢术。	84.1701	大腿截断术
左拇指断指再植术	84.2101	拇指断指再植术
左环指清创再植术	84.2201	手指断指再植术
断掌再植术	84.2304	断掌再植术
断肢再植术	84.2901	断肢再植术
左下肢残端修整术	84.3x00	截断残端的修复术
截肢残端修整术	84.3x00	截断残端的修复术
经皮椎弓根钉内固定术	84.8205	经皮椎弓根钉内固定术
CT引导下右侧肋骨病灶125I粒子植入术	84.9900|92.2001	肌肉骨骼系统的其他手术|碘-125放射性同位素近距离治疗
B超引导下右乳肿块mammotome切除活检术	85.1100|85.2100x004	闭合性[经皮][针吸]乳房活组织检查|乳房病损微创旋切术
B超引导右乳肿块mammotome切除活检术	85.1100|85.2100x004	闭合性[经皮][针吸]乳房活组织检查|乳房病损微创旋切术
右乳包块麦默通旋切活检术+术中冰冻活检	85.1100|85.2100x004	闭合性[经皮][针吸]乳房活组织检查|乳房病损微创旋切术
双乳穿刺针定位切除活检术	85.1100x001|85.2100	乳房穿刺活检|乳房病损局部切除术
B超引导下mammotome穿刺，双乳肿块切除	85.1100x001|85.2100x004	乳房穿刺活检|乳房病损微创旋切术
乳腺活检术	85.1200x001	乳腺活检术
双乳肿物切除活检术	85.1200x001|85.2100x003	乳腺活检术|乳房病损切除术
左乳病损切除活检术	85.1200x001|85.2100x003	乳腺活检术|乳房病损切除术
右乳溢液导管系统切除术	85.2100x003	乳房病损切除术
右侧乳腺肿物切除术	85.2100x003	乳房病损切除术
乳房肿块切除术	85.2100x003	乳房病损切除术
双侧乳房肿块切除术	85.2100x003	乳房病损切除术
左乳腺肿块切除术	85.2100x003	乳房病损切除术
乳房病损切除术（双）	85.2100x003	乳房病损切除术
右侧乳腺肿物扩大切除术	85.2100x003	乳房病损切除术
左乳肿块切除+术中冰冻	85.2100x003	乳房病损切除术
(左侧)乳房肿块切除术((85.2109))	85.2100x003	乳房病损切除术
双侧乳房肿块局部切除术	85.2100x003	乳房病损切除术
左乳房肿块局部切除术	85.2100x003	乳房病损切除术
左乳肿块局部切除术	85.2100x003	乳房病损切除术
左乳肿块切除术+术中冰冻活检术	85.2100x003	乳房病损切除术
乳房肿块切除术（左）	85.2100x003	乳房病损切除术
左乳多发肿物扩大切除术	85.2100x003	乳房病损切除术
右侧乳房包块切除术	85.2100x003	乳房病损切除术
双乳包块切取术。	85.2100x003	乳房病损切除术
乳房病损切除术（双侧）	85.2100x003	乳房病损切除术
右乳晕肿块切除术	85.2100x003	乳房病损切除术
右乳包块切除。	85.2100x003	乳房病损切除术
双乳肿块切除+术中冰冻	85.2100x003	乳房病损切除术
。开放+Encor下左乳包块切除术。	85.2100x003	乳房病损切除术
左乳多发性肿物切除术	85.2100x003	乳房病损切除术
左、右乳肿物切除术	85.2100x003	乳房病损切除术
左乳钙化灶扩大切除术	85.2100x003	乳房病损切除术
左乳肿物切除术+术中快速病理	85.2100x003	乳房病损切除术
右侧乳腺纤维腺瘤切除术	85.2100x003	乳房病损切除术
B超引导右乳mammotome肿块切除术	85.2100x004	乳房病损微创旋切术
B超引导下麦默通右乳肿物切除术	85.2100x004	乳房病损微创旋切术
超声引导双乳肿物旋切术	85.2100x004	乳房病损微创旋切术
右乳房病损微创旋切术	85.2100x004	乳房病损微创旋切术
B超引导左乳肿物旋切术（共3个病灶）	85.2100x004	乳房病损微创旋切术
B超引导下右乳腺肿物旋切术	85.2100x004	乳房病损微创旋切术
超声引导左乳多发肿物旋切术	85.2100x004	乳房病损微创旋切术
超声引导下麦默通双乳腺肿物切除术	85.2100x004	乳房病损微创旋切术
超声引导下麦默通左乳房肿物微创旋切术	85.2100x004	乳房病损微创旋切术
真空辅助双 乳肿物旋切术	85.2100x004	乳房病损微创旋切术
双乳肿物MMT旋切术	85.2100x004	乳房病损微创旋切术
超声引导下麦默通下乳腺肿物切除术	85.2100x004	乳房病损微创旋切术
麦默通超声引导下左乳肿物切除术	85.2100x004	乳房病损微创旋切术
右乳包块麦默通切除术+术中冰冻活检术	85.2100x004	乳房病损微创旋切术
B超下双乳房肿物切真空旋切术	85.2100x004	乳房病损微创旋切术
麦默通左乳肿块切除术	85.2100x004	乳房病损微创旋切术
真空辅助左乳腺肿物旋切术	85.2100x004	乳房病损微创旋切术
B超引导双乳肿物旋切术（共 4个病灶）	85.2100x004	乳房病损微创旋切术
B超引导双乳肿物旋切术（共 3 个病灶）	85.2100x004	乳房病损微创旋切术
B超引导下麦默通双侧乳腺肿物切除术	85.2100x004	乳房病损微创旋切术
双乳包块麦默通微创切除术+快速冰冻活检术	85.2100x004	乳房病损微创旋切术
左侧乳房肿物微创旋切术	85.2100x004	乳房病损微创旋切术
右乳肿物麦默通微创切除术+术中冰冻活检	85.2100x004	乳房病损微创旋切术
B超引导左乳肿物旋切术（1个病灶）	85.2100x004	乳房病损微创旋切术
B超引导右乳mammotome肿块切除术+术中冰冻	85.2100x004	乳房病损微创旋切术
B超引导双乳肿物旋切术（共10个病灶）	85.2100x004	乳房病损微创旋切术
B超引导下经麦默通双乳肿物切除术	85.2100x004	乳房病损微创旋切术
超声引导下右乳腺肿物“麦默通”微创旋切术	85.2100x004	乳房病损微创旋切术
已行手术 左侧乳房病损微创旋切术	85.2100x004	乳房病损微创旋切术
左乳包块麦默通微创切除术+术中冰冻活检术	85.2100x004	乳房病损微创旋切术
左乳包块麦默通切除术+术中快速冰冻活检术	85.2100x004	乳房病损微创旋切术
双乳包块麦默通微创旋切术+冰冻活检术	85.2100x004	乳房病损微创旋切术
乳腺肿物微创旋切术	85.2100x004	乳房病损微创旋切术
双乳包块麦默通微创旋切术	85.2100x004	乳房病损微创旋切术
左乳肿物区段切除术	85.2100x019	乳房腺体区段切除术
左侧乳房腺体区段切除术	85.2100x019	乳房腺体区段切除术
右乳区段切除，术中冰冻	85.2100x019	乳房腺体区段切除术
左侧乳腺区段切除术。	85.2100x019	乳房腺体区段切除术
乳区段切除术	85.2100x019	乳房腺体区段切除术
左乳肿物区段切除术，术中送冰冻	85.2100x019	乳房腺体区段切除术
乳腺区段切除术乳腺区段切除术	85.2100x019	乳房腺体区段切除术
左侧乳腺多发肿物区段切除术	85.2100x019	乳房腺体区段切除术
左乳腺大区段切除术	85.2100x019	乳房腺体区段切除术
右侧右侧乳房腺体区段切除术	85.2100x019	乳房腺体区段切除术
右乳区段，术中冰冻	85.2100x019	乳房腺体区段切除术
双侧乳腺区段切除术。	85.2100x019	乳房腺体区段切除术
双乳大区段切除术	85.2100x019	乳房腺体区段切除术
乳腺导管选择性切除术(单根)	85.2100x021	乳腺导管选择性切除术(单根)
右乳包块+象限切除术	85.2200	乳房象限切除术
左乳外下象限切除术	85.2200	乳房象限切除术
右侧乳腺部分切除术	85.2301	乳腺部分切除术
(双侧)乳房部分切除术((85.2201))	85.2301	乳腺部分切除术
（左侧）乳房部分切除术	85.2301	乳腺部分切除术
双侧乳房部分切除术((85.2201))	85.2301	乳腺部分切除术
左侧乳腺腺叶切除术	85.2301	乳腺部分切除术
左乳病变腺体切除术。	85.2301	乳腺部分切除术
双乳肿块伴部份腺体切除术	85.2301	乳腺部分切除术
右腋窝副乳切除术	85.2401	副乳腺切除术
右侧副乳切除术	85.2401	副乳腺切除术
双腋下副乳切除术	85.2401	副乳腺切除术
双侧男性乳房肥大畸形整复术	85.3200	双侧缩小性乳房成形术
单侧皮下乳房切除伴假体置入术	85.3300x001	单侧乳房腺体切除伴假体置入术
腔镜下左乳皮下腺体切除术	85.3400	其他单侧皮下乳房切除术
双乳皮下切除术	85.3600x001	双侧皮下乳房切除术
双乳皮下腺体切除术。	85.3600x001	双侧皮下乳房切除术
双乳皮下腺体切除	85.3600x001	双侧皮下乳房切除术
乳腺单纯腺体切除术	85.4100x001	单侧乳房切除术
右乳单纯腺体切除术	85.4100x001	单侧乳房切除术
左侧单侧乳房切除术	85.4100x001	单侧乳房切除术
右侧乳腺癌改良根治术	85.4301	单侧乳腺改良根治术
右乳包块切除+术中冰冻+右乳癌改良根治术	85.4301	单侧乳腺改良根治术
乳腺改良根指术,单侧	85.4301	单侧乳腺改良根治术
右单侧乳房改良根治术	85.4301	单侧乳腺改良根治术
保留乳头乳晕的右乳癌改良根治术	85.4301	单侧乳腺改良根治术
左乳癌改良1式根治术	85.4301	单侧乳腺改良根治术
右乳癌改良根治术（ALND）	85.4301	单侧乳腺改良根治术
乳腺癌改良根治术（左）	85.4301	单侧乳腺改良根治术
左侧乳腺癌改良根治	85.4301	单侧乳腺改良根治术
单纯乳房改良根治术	85.4301	单侧乳腺改良根治术
左乳癌保乳手术	85.4302	单侧保乳乳腺改良根治术
双乳改良根治术	85.4401	双侧乳腺改良根治术
硅胶假体隆乳术	85.5300x001	单侧乳房假体置入术
双乳假体隆乳术。	85.5400x001	双侧乳房假体置入术
双侧乳头牵引术	85.8701	乳头成形术
双侧乳房注射假体取出术	85.9400	去除乳房植入物
双乳注射物取出术	85.9400	去除乳房植入物
头皮脓肿切开引流术	86.0400x011	皮肤和皮下组织切开引流术
项部脓肿切开引流术	86.0400x011	皮肤和皮下组织切开引流术
左大腿脓肿切开引流术	86.0400x011	皮肤和皮下组织切开引流术
静脉输注泵置入术	86.0601	输注泵置入术
化疗泵植入术	86.0603	化疗泵置入术
经右颈内静脉途径静脉输液港植入术	86.0701	静脉输液港植入术
左侧输液港置入术	86.0701	静脉输液港植入术
B超引导下右颈内静脉输液港植入术	86.0701	静脉输液港植入术
右锁骨下静脉输液港植入术	86.0701	静脉输液港植入术
经皮选择性静脉置管术（输液港置入术）	86.0701	静脉输液港植入术
经皮输液港置入术	86.0701	静脉输液港植入术
埋入式输液港植入术	86.0701	静脉输液港植入术
右颈内静脉输液港置入术	86.0701	静脉输液港植入术
局部皮肤组织病理检查	86.1100	皮肤和皮下组织的活组织检查
皮肤组织病理检查	86.1100	皮肤和皮下组织的活组织检查
藏毛囊肿切除术	86.2101	藏毛囊肿切除术
体表肿物切除术	86.3x00	皮肤和皮下组织的病损或组织其他局部切除术或破坏术
左上肢瘢痕切除皮片移植术。	86.3x01|86.6905	皮肤瘢痕切除术|上肢植皮术
右额头皮肿物切除术	86.3x02	皮肤病损切除术
右大腿皮脂腺囊肿切除术	86.3x02	皮肤病损切除术
左颞部头皮肿块切除术	86.3x02	皮肤病损切除术
颈后部皮脂腺囊肿切除术	86.3x02	皮肤病损切除术
右肩部皮肤肿物切除术	86.3x02	皮肤病损切除术
右颞部头皮肿块切除术	86.3x02	皮肤病损切除术
前额部头皮肿物切除术	86.3x02	皮肤病损切除术
颈部皮肤病损切除术	86.3x02	皮肤病损切除术
右颞部皮肤肿物切除术	86.3x02	皮肤病损切除术
头皮肿物切除整复术	86.3x02|86.8900	皮肤病损切除术|皮肤和皮下组织的其他修补术和重建术
左腰部脂肪瘤切除术	86.3x03	皮下组织病损切除术
背部巨大脂肪瘤切除术	86.3x03	皮下组织病损切除术
左腋下脂肪瘤切除术	86.3x03	皮下组织病损切除术
左肩部皮下肿物切除术	86.3x03	皮下组织病损切除术
头部脂肪瘤切除术	86.3x03	皮下组织病损切除术
背部脂肪瘤切除	86.3x03	皮下组织病损切除术
左髋部脂肪瘤切除术	86.3x03	皮下组织病损切除术
右肩部皮下组织病损切除术	86.3x03	皮下组织病损切除术
左枕部皮下包块切除术	86.3x03	皮下组织病损切除术
左前臂皮下组织病损切除术	86.3x03	皮下组织病损切除术
左侧臀部皮下组织病损切除术	86.3x03	皮下组织病损切除术
左锁骨上脂肪瘤切除术	86.3x03	皮下组织病损切除术
双侧腋下汗腺切除术	86.3x10x038	腋下汗腺切除术
颈项部脂肪瘤切除术	86.3x13	颈部皮下组织病损切除术
项背部脂肪瘤切除术	86.3x13	颈部皮下组织病损切除术
左颈肩部脂肪瘤切除术	86.3x13	颈部皮下组织病损切除术
右手中指血管瘤切除术	86.3x15	皮肤及皮下血管瘤切除术
右手腕血管瘤切除术	86.3x15	皮肤及皮下血管瘤切除术
头皮再植术	86.5100	头皮再植术
切口二期缝合	86.5900	其他部位的皮肤和皮下组织闭合术
带蒂皮瓣二期断蒂术	86.7101	带蒂皮瓣断蒂术
左手腹部带蒂皮瓣断蒂术。	86.7101	带蒂皮瓣断蒂术
中面部提升术	86.8201	面部提升术
中下面部提升术	86.8201	面部提升术
右下肢抽脂减容术	86.8301	吸脂术
左拇指V-Y皮瓣修复术	86.8901	皮肤V-Y缝合术
左肩部扩张器植入术	86.9306	躯干皮肤扩张器植入术
脑皮层电极植入术	86.9600x001	皮层电极刺激器植入术
经皮椎间盘造影术	87.2101	椎间盘造影
L5/S1椎间盘造影术	87.2400x001	腰椎间盘造影
L4/5、L5/S1腰椎间盘造影术	87.2400x001	腰椎间盘造影
L3/4、L4/5椎间盘造影术	87.2400x001	腰椎间盘造影
PTCD管造影术	87.5101	经皮肝穿刺胆管造影
PTCD管造影	87.5101	经皮肝穿刺胆管造影
胆管造影检查	87.5401	胆管造影
脑血管造影术	88.4101	脑血管造影
DSA全脑血管造影	88.4101	脑血管造影
全脑血管DSA造影	88.4101	脑血管造影
全脑血管造影记录	88.4101	脑血管造影
主动脉弓造影	88.4201	主动脉弓造影
锁骨下动脉造影术	88.4401	锁骨下动脉造影
锁骨下动脉造影	88.4401	锁骨下动脉造影
支气管动脉造影	88.4403	支气管动脉造影
双侧肾动脉造影	88.4500	肾动脉造影术
经皮选择性脾动脉造影术	88.4702	脾动脉造影
双下肢动脉造影术	88.4800x005	下肢动脉造影
下肢动静脉造影术	88.4800x005|88.6600x002	下肢动脉造影|下肢静脉造影
右股动脉造影	88.4801	股动脉造影
左上肢动脉造影术	88.4901	上肢动脉造影
经左股静脉行下腔静脉造影术	88.5102	下腔静脉造影
下肢静脉造影	88.6600x002	下肢静脉造影
左下肢静脉造影术	88.6600x002	下肢静脉造影
下肢静脉顺行造影术	88.6600x002	下肢静脉造影
左侧下肢静脉造影	88.6600x002	下肢静脉造影
左上肢静脉造影	88.6702	上肢静脉造影
左侧髂静脉造影术	88.6703	髂静脉造影
髂静脉造影	88.6703	髂静脉造影
EPS	89.5901	心电生理检查
电生理检查术	89.5901	心电生理检查
腔内电生理检查术	89.5901	心电生理检查
有创性心内电生理检查术	89.5901	心电生理检查
右心漂浮导管术	89.6400x001	漂浮导管检查[Swan-Ganz导管插入]
碘125放射性粒子组织间植入近距离治疗术	92.2001	碘-125放射性同位素近距离治疗
放射性碘125粒子置入术	92.2001	碘-125放射性同位素近距离治疗
经皮碘粒子植入术	92.2001	碘-125放射性同位素近距离治疗
肿瘤介入: 头颈部放射性粒子植入术	92.2700x002	放射性粒子置入放射治疗
CT引导下粒子置入术	92.2700x002	放射性粒子置入放射治疗
放射性粒子前列腺组织间介入治疗	92.2702	前列腺放射性粒子置入术
碘125放射性粒子前列腺区域永久植入术	92.2702	前列腺放射性粒子置入术
前列腺癌粒子植入术	92.2702	前列腺放射性粒子置入术
食道粒子支架植入术	92.2703|42.8100	食管放射性粒子置入术|食管置入永久性管
CT引导下左肺转移癌放射性粒子置入	92.2706	肺放射性粒子置入术
CT引导下肺癌125I放射性粒子植入术	92.2706	肺放射性粒子置入术
左股骨髁上骨牵引术	93.4404	股骨髁上牵引
股骨髁上骨牵引术	93.4404	股骨髁上牵引
左跟骨骨牵引术	93.4407	跟骨牵引术
全麻下经硬镜气管覆膜支架置入术	96.0500x001	气管支架置入
留置胃管	96.0700	其他(鼻-)胃管置入
鼻肠营养管置入术	96.6x05	经鼻肠营养管置入术
输尿管镜下双侧输尿管双J管拔除术	97.6204	输尿管镜输尿管支架取出术
输尿管镜下右侧输尿管支架取出术	97.6204	输尿管镜输尿管支架取出术
输尿管镜下双侧DJ管取除术	97.6204	输尿管镜输尿管支架取出术
输尿管镜下左侧双J管取出术	97.6204	输尿管镜输尿管支架取出术
左侧输尿管镜下D-J管拔除术	97.6204	输尿管镜输尿管支架取出术
输尿管镜下右输尿管支架管拔除术	97.6204	输尿管镜输尿管支架取出术
输尿管镜下拔出双J管术	97.6204	输尿管镜输尿管支架取出术
输尿管镜拔双J管	97.6204	输尿管镜输尿管支架取出术
输尿管镜下取ＤＪ管术（右）	97.6204	输尿管镜输尿管支架取出术
膀胱镜下拔除左DJ管术	97.6205	膀胱镜输尿管支架取出术
膀胱镜下拔除右DJ管术	97.6205	膀胱镜输尿管支架取出术
膀胱镜下拔DJ管术（双侧）	97.6205	膀胱镜输尿管支架取出术
宫腔镜下高危取环术	97.7102	宫腔镜子宫内避孕器取出术
宫腔镜辅助下取环	97.7102	宫腔镜子宫内避孕器取出术
腹膜透析管去除术	97.8601	腹膜透析管去除
腹膜透析用管拔除术	97.8601	腹膜透析管去除
右侧颈内静脉永久导管拔除术	97.8900	去除其他治疗性装置
右侧    颈内静脉长期导管拔出术	97.8900	去除其他治疗性装置
拆线	97.8904	缝线去除
右侧外耳道异物取出术	98.1100x001	耳内异物去除
左外耳道胆脂瘤清除术	98.1100x001	耳内异物去除
右鼻腔异物取出术	98.1200x001	鼻腔内异物去除
下咽异物取出术	98.1300x001	咽内异物去除
颈部异物取出术	98.2204	非切开颈部异物去除
左髂动脉置管溶栓术	99.1000x007	髂动脉导管溶栓
右下肢动脉溶栓导管置入术	99.1001	下肢动脉溶栓术
硬化剂注射	99.2900	注射或输注其他治疗性或预防性药物
肩部血管瘤硬化剂注射术	99.2904	血管瘤硬化剂注射
左下肢自体造血干细胞移植术	99.9900	其他各类操作
左下肢自体干细胞移植术	99.9900	其他各类操作
血管内介入手术	99.9900	其他各类操作
内镜下食管胃底静脉曲张治疗术	99.9900	其他各类操作
(胃镜)内镜下食管胃底静脉曲张治疗术	99.9900	其他各类操作
